gene_id	Gene_name	Cytogenetic_band	Entry
ENSG00000128610	FEZF1	7q31.32	A0PJY2
ENSG00000174705	SH3PXD2B	5q35.1	A1X283
ENSG00000162669	HFM1	1p22.2	A2PYH4
ENSG00000151779	NBAS	2p24.3	A2RRP1
ENSG00000214960	ISPD	7p21.2	A4D126
ENSG00000180053	NKX2-6	8p21.2	A6NCS4
ENSG00000205138	SDHAF1	19q13.12	A6NFY7
ENSG00000179270	PCARE	2p23.2	A6NGG8
ENSG00000101596	SMCHD1	18p11.32	A6NHR9
ENSG00000187616	MYMK	9q34.2	A6NI61
ENSG00000175536	LIPT2	11q13.4	A6NK58
ENSG00000206013	IFITM5	11p15.5	A6NNB3
ENSG00000166558	SLC38A8	16q23.3	A6NNN8
ENSG00000273820	USP27X	Xp11.23	A6NNY8
ENSG00000215203	GRXCR1	4p13	A8MXD5
ENSG00000187017	ESPN	1p36.31	B1AK53
ENSG00000260458	KCNJ18	17p11.2	B7U540
ENSG00000229474	PATL2	15q21.1	C9JE40
ENSG00000234438	KBTBD13	15q22.31	C9JR72
ENSG00000018510	AGPS	2q31.2	O00116
ENSG00000166548	TK2	16q21	O00142
ENSG00000143575	HAX1	1q21.3	O00165
ENSG00000009724	MASP2	1p36.22	O00187
ENSG00000132842	AP3B1	5q14.1	O00203
ENSG00000088002	SULT2B1	19q13.33	O00204
ENSG00000110717	NDUFS8	11q13.2	O00217
ENSG00000138696	BMPR1B	4q22.3	O00238
ENSG00000133895	MEN1	11q13.1	O00255
ENSG00000143768	LEFTY2	1q42.12	O00292
ENSG00000112041	TULP1	6p21.31	O00294
ENSG00000171608	PIK3CD	1p36.22	O00329
ENSG00000178919	FOXE1	9q22.33	O00358
ENSG00000169359	SLC33A1	3q25.31	O00400
ENSG00000066629	EML1	14q32.2	O00423
ENSG00000087470	DNM1L	12p11.21	O00429
ENSG00000105647	PIK3R2	19p13.11	O00459
ENSG00000152952	PLOD2	3q24	O00469
ENSG00000136717	BIN1	2q14.3	O00499
ENSG00000141837	CACNA1A	19p13.13	O00555
ENSG00000215301	DDX3X	Xp11.4	O00571
ENSG00000026297	RNASET2	6q27	O00584
ENSG00000108733	PEX12	17q12	O00623
ENSG00000112357	PEX7	6q23.3	O00628
ENSG00000169884	WNT10B	12q13.12	O00744
ENSG00000104774	MAN2B1	19p13.13	O00754
ENSG00000154764	WNT7A	3p25.1	O00755
ENSG00000204370	SDHD	11q23.1	O14521
ENSG00000122966	CIT	12q24.23	O14578
ENSG00000153922	CHD1	5q15	O14646
ENSG00000173575	CHD2	15q26.1	O14647
ENSG00000171303	KCNK3	2p23.3	O14649
ENSG00000108433	GOSR2	17q21.32	O14653
ENSG00000136827	TOR1A	9q34.11	O14656
ENSG00000137845	ADAM10	15q21.3	O14672
ENSG00000167548	KMT2D	12q13.12	O14686
ENSG00000109062	SLC9A3R1	17q25.1	O14745
ENSG00000164362	TERT	5p15.33	O14746
ENSG00000187730	GABRD	1p36.33	O14764
ENSG00000166340	TPP1	11p15.4	O14773
ENSG00000069966	GNB5	15q21.2	O14775
ENSG00000120659	TNFSF11	13q14.11	O14788
ENSG00000100342	APOL1	22q12.3	O14791
ENSG00000148606	POLR3A	10q22.3	O14802
ENSG00000165462	PHOX2A	11q13.4	O14813
ENSG00000107537	PHYH	10p13	O14832
ENSG00000240505	TNFRSF13B	17p11.2	O14836
ENSG00000103507	BCKDK	16p11.2	O14874
ENSG00000117595	IRF6	1q32.2	O14896
ENSG00000172059	KLF11	2p25.1	O14901
ENSG00000147044	CASK	Xp11.4	O14936
ENSG00000118729	CASQ2	1p13.1	O14958
ENSG00000152795	HNRNPDL	4q21.22	O14979
ENSG00000196296	ATP2A1	16p11.2	O14983
ENSG00000104728	ARHGEF10	8p23.3	O15013
ENSG00000274726	ARHGEF10	8p23.3	O15013
ENSG00000173898	SPTBN2	11q13.2	O15020
ENSG00000132326	PER2	2q37.3	O15055
ENSG00000198707	CEP290	12q21.32	O15078
ENSG00000141458	NPC1	18q11.2	O15118
ENSG00000169692	AGPAT2	9q34.3	O15120
ENSG00000130429	ARPC1B	7q22.1	O15143
ENSG00000030304	MUSK	9q31.3	O15146
ENSG00000171453	POLR1C	6p21.1	O15160
ENSG00000103126	AXIN1	16p13.3	O15169
ENSG00000164458	TBXT	6q27	O15178
ENSG00000120693	SMAD9	13q13.3	O15198
ENSG00000116906	GNPAT	1q42.2	O15228
ENSG00000132031	MATN3	2p24.1	O15232
ENSG00000125356	NDUFA1	Xq24	O15239
ENSG00000155962	CLIC2	Xq28	O15247
ENSG00000144061	NPHP1	2q13	O15259
ENSG00000185960	SHOX	Xp22.33	O15266
ENSG00000090054	SPTLC1	9q22.31	O15269
ENSG00000100596	SPTLC2	14q24.3	O15270
ENSG00000173991	TCAP	17q12	O15273
ENSG00000147162	OGT	Xq13.1	O15294
ENSG00000113262	GRM6	5q35.3	O15303
ENSG00000140650	PMM2	16p13.2	O15305
ENSG00000101871	MID1	Xp22.2	O15344
ENSG00000165458	INPPL1	11q13.4	O15357
ENSG00000187741	FANCA	16q24.3	O15360
ENSG00000105464	GRIN2D	19q13.33	O15399
ENSG00000128573	FOXP2	7q31.1	O15409
ENSG00000164342	TLR3	4q35.1	O15455
ENSG00000072682	P4HA2	5q31.1	O15460
ENSG00000149260	CAPN5	11q13.5	O15484
ENSG00000070193	FGF10	5p12	O15520
ENSG00000111012	CYP27B1	12q14.1	O15528
ENSG00000102104	RS1	Xp22.13	O15537
ENSG00000104783	KCNN4	19q13.31	O15554
ENSG00000112365	ZBTB24	6q21	O43167
ENSG00000136875	PRPF4	9q32	O43172
ENSG00000092621	PHGDH	1p12	O43175
ENSG00000164258	NDUFS4	5q11.2	O43181
ENSG00000105392	CRX	19q13.33	O43186
ENSG00000167642	SPINT2	19q13.2	O43291
ENSG00000197858	GPAA1	8q24.3	O43292
ENSG00000174233	ADCY6	12q13.12	O43306
ENSG00000131089	ARHGEF9	Xq11.1	O43307
ENSG00000135341	MAP3K7	6q15	O43318
ENSG00000139549	DHH	12q13.12	O43323
ENSG00000105996	HOXA2	7p15.2	O43364
ENSG00000075702	WDR62	19q13.12	O43379
ENSG00000117360	PRPF3	1q21.2	O43395
ENSG00000100473	COCH	14q12	O43405
ENSG00000184058	TBX1	22q11.21	O43435
ENSG00000012174	MBTPS2	Xp22.12	O43462
ENSG00000115317	HTRA2	2p13.1	O43464
ENSG00000007062	PROM1	4p15.32	O43490
ENSG00000006283	CACNA1G	17q21.33	O43497
ENSG00000108384	RAD51C	17q22	O43502
ENSG00000174684	B4GAT1	11q13.2	O43505
ENSG00000091137	SLC26A4	7q22.3	O43511
ENSG00000081923	ATP8B1	18q21.31	O43520
ENSG00000184156	KCNQ3	8q24.22	O43525
ENSG00000075043	KCNQ2	20q13.33	O43526
ENSG00000137834	SMAD6	15q22.31	O43541
ENSG00000126215	XRCC3	14q32.33	O43542
ENSG00000127990	SGCE	7q21.3	O43556
ENSG00000074410	CA12	15q22.2	O43570
ENSG00000140368	PSTPIP1	15q24.3	O43586
ENSG00000168453	HR	8p21.3	O43593
ENSG00000077279	DCX	Xq23	O43602
ENSG00000161610	HCRT	17q21.2	O43612
ENSG00000119013	NDUFB3	2q33.1	O43676
ENSG00000130402	ACTN4	19q13.2	O43707
ENSG00000282844	ACTN4	19q13.2	O43707
ENSG00000056972	TRAF3IP2	6q21	O43734
ENSG00000121897	LIAS	4p14	O43766
ENSG00000178537	SLC25A20	3p21.31	O43772
ENSG00000170442	KRT86	12q13.13	O43790
ENSG00000130489	SCO2	22q13.33	O43819
ENSG00000160226	CFAP410	21q22.3	O43822
ENSG00000281500	SLC37A4	11q23.3	O43826
ENSG00000101365	IDH3B	20p13	O43837
ENSG00000129250	KIF1C	17p13.2	O43896
ENSG00000038295	TLL1	4q32.3	O43897
ENSG00000012232	EXTL3	8p21.1	O43909
ENSG00000160224	AIRE	21q22.3	O43918
ENSG00000115947	ORC4	2q23.1	O43929
ENSG00000127980	PEX1	7q21.2	O43933
ENSG00000164754	RAD21	8q24.11	O60216
ENSG00000126953	TIMM8A	Xq22.1	O60220
ENSG00000136720	HS6ST1	2q14.3	O60243
ENSG00000158815	FGF17	8p21.3	O60258
ENSG00000185345	PRKN	6q26	O60260
ENSG00000168280	KIF5C	2q23.1	O60282
ENSG00000198836	OPA1	3q29	O60313
ENSG00000169554	ZEB2	2q22.3	O60315
ENSG00000186111	PIP5K1C	19p13.3	O60331
ENSG00000054523	KIF1B	1p36.22	O60333
ENSG00000004487	KDM1A	1p36.12	O60341
ENSG00000164404	GDF9	5q31.1	O60383
ENSG00000106410	NOBOX	7q35	O60393
ENSG00000156925	ZIC3	Xq26.3	O60481
ENSG00000068366	ACSL4	Xq23	O60488
ENSG00000107611	CUBN	10p13	O60494
ENSG00000161270	NPHS1	19q13.12	O60500
ENSG00000156970	BUB1B	15q15.1	O60566
ENSG00000106397	PLOD3	7q22.1	O60568
ENSG00000136944	LMX1B	9q33.3	O60663
ENSG00000096968	JAK2	9p24.1	O60674
ENSG00000157911	PEX10	1p36.32	O60683
ENSG00000102359	SRPX2	Xq22.1	O60687
ENSG00000069431	ABCC9	12p12.1	O60706
ENSG00000184381	PLA2G6	22q13.1	O60733
ENSG00000164588	HCN1	5p12	O60741
ENSG00000000419	DPM1	20q13.13	O60762
ENSG00000117479	SLC19A2	1q24.2	O60779
ENSG00000143178	TBX19	1q24.2	O60806
ENSG00000101997	CCDC22	Xp11.23	O60826
ENSG00000102103	PQBP1	Xp11.23	O60828
ENSG00000130826	DKC1	Xq28	O60832
ENSG00000102001	CACNA1F	Xp11.23	O60840
ENSG00000183918	SH2D1A	Xq25	O60880
ENSG00000115474	KCNJ13	2q37.1	O60928
ENSG00000171865	RNASEH1	2p25.3	O60930
ENSG00000040531	CTNS	17p13.2	O60931
ENSG00000104320	NBN	8q21.3	O60934
ENSG00000140939	NOL3	16q22.1	O60936
ENSG00000139330	KERA	12q21.33	O60938
ENSG00000149575	SCN2B	11q23.3	O60939
ENSG00000131269	ABCB7	Xq13.3	O75027
ENSG00000187098	MITF	3p13	O75030
ENSG00000116675	DNAJC6	1p31.3	O75061
ENSG00000106692	FKTN	9q31.2	O75072
ENSG00000134569	LRP4	11p11.2	O75096
ENSG00000122367	LDB3	10q23.2	O75112
ENSG00000100150	DEPDC5	22q12.2	O75140
ENSG00000131697	NPHP4	1p36.31	O75161
ENSG00000138246	DNAJC13	3q22.1	O75165
ENSG00000105993	DNAJB6	7q36.3	O75190
ENSG00000162337	LRP5	11q13.2	O75197
ENSG00000135956	TMEM127	2q11.2	O75204
ENSG00000115286	NDUFS7	19p13.3	O75251
ENSG00000125744	RTN2	19q13.32	O75298
ENSG00000158864	NDUFS2	1q23.3	O75306
ENSG00000179477	ALOX12B	17p13.1	O75342
ENSG00000129255	MPDU1	17p13.1	O75352
ENSG00000175325	PROP1	5q35.3	O75360
ENSG00000107859	PITX3	10q24.32	O75364
ENSG00000136068	FLNB	3p14.3	O75369
ENSG00000145494	NDUFS6	5p15.33	O75380
ENSG00000177030	DEAF1	11p15.5	O75398
ENSG00000093009	CDC45	22q11.21	O75419
ENSG00000105819	PMPCB	7q22.1	O75439
ENSG00000109927	TECTA	11q23.3	O75443
ENSG00000178573	MAF	16q23.2	O75444
ENSG00000042781	USH2A	1q41	O75445
ENSG00000006016	CRLF1	19p13.11	O75462
ENSG00000112312	GMNN	6p22.3	O75496
ENSG00000102805	CLN5	13q22.3	O75503
ENSG00000175334	BANF1	11q13.1	O75531
ENSG00000180228	PRKRA	2q31.2	O75569
ENSG00000070018	LRP6	12p13.2	O75581
ENSG00000281324	LRP6	12p13.2	O75581
ENSG00000124827	GCM2	6p24.2	O75603
ENSG00000144028	SNRNP200	2q11.2	O75643
ENSG00000100416	TRMU	22q13.31	O75648
ENSG00000046651	OFD1	Xp22.2	O75665
ENSG00000113569	NUP155	5p13.2	O75694
ENSG00000102218	RP2	Xp11.3	O75695
ENSG00000188910	GJB3	1p34.3	O75712
ENSG00000170275	CRTAP	3p22.3	O75718
ENSG00000115840	SLC25A12	2q31.1	O75746
ENSG00000104321	TRPA1	8q21.11	O75762
ENSG00000104889	RNASEH2A	19p13.13	O75792
ENSG00000004838	ZMYND10	3p21.31	O75800
ENSG00000136425	CIB2	15q25.1	O75838
ENSG00000084073	ZMPSTE24	1p34.2	O75844
ENSG00000109929	SC5D	11q24.1	O75845
ENSG00000133028	SCO1	17p13.1	O75880
ENSG00000172817	CYP7B1	8q12.3	O75881
ENSG00000077264	PAK3	Xq23	O75914
ENSG00000108370	RGS9	17q24.1	O75916
ENSG00000135636	DYSF	2p13.2	O75923
ENSG00000038382	TRIO	5p15.2	O75962
ENSG00000107186	MPDZ	9p23	O75970
ENSG00000109501	WFS1	4p16.1	O76024
ENSG00000008086	CDKL5	Xp22.13	O76039
ENSG00000197375	SLC22A5	5q31.1	O76082
ENSG00000167995	BEST1	11q12.3	O76090
ENSG00000160957	RECQL4	8q24.3	O94761
ENSG00000149541	B3GAT3	11q12.3	O94766
ENSG00000136908	DPM2	9q34.11	O94777
ENSG00000171680	PLEKHG5	1p36.31	O94827
ENSG00000150961	SEC24D	4q26	O94855
ENSG00000147471	PLPBP	8p11.23	O94903
ENSG00000101161	PRPF6	20q13.33	O94906
ENSG00000108395	TRIM37	17q22	O94972
ENSG00000103995	CEP152	15q21.1	O94986
ENSG00000156150	ALX3	1p13.3	O95076
ENSG00000267534	S1PR2	19p13.2	O95136
ENSG00000116688	MFN2	1p36.22	O95140
ENSG00000070061	ELP1	9q31.3	O95163
ENSG00000196557	CACNA1H	16p13.3	O95180
ENSG00000121207	LRAT	4q32.1	O95237
ENSG00000100241	SBF1	22q13.33	O95248
ENSG00000091262	ABCC6	16p13.11	O95255
ENSG00000143473	KCNH1	1q32.2	O95259
ENSG00000283965	KCNH1	1q32.2	O95259
ENSG00000113231	PDE8B	5q13.3	O95263
ENSG00000112425	EPM2A	6q24.3	O95278
ENSG00000124164	VAPB	20q13.32	O95292
ENSG00000130414	NDUFA10	2q37.3	O95299
ENSG00000281434	NDUFA10	2q37.3	O95299
ENSG00000198682	PAPSS2	10q23.31	O95340
ENSG00000073734	ABCB11	2q31.1	O95342
ENSG00000138083	SIX3	2p21	O95343
ENSG00000145982	FARS2	6p25.1	O95363
ENSG00000112761	WISP3	6q21	O95389
ENSG00000013375	PGM3	6q14.1	O95394
ENSG00000043355	ZIC2	13q32.3	O95409
ENSG00000197563	PIGN	18q21.33	O95427
ENSG00000157765	SLC34A2	4p15.2	O95436
ENSG00000121742	GJB6	13q12.11	O95452
ENSG00000140694	PARN	16p13.12	O95453
ENSG00000274829	PARN	16p13.12	O95453
ENSG00000088451	TGDS	13q32.1	O95455
ENSG00000133424	LARGE1	22q12.3	O95461
ENSG00000166224	SGPL1	10q22.1	O95470
ENSG00000165029	ABCA1	9q31.1	O95477
ENSG00000159261	CLDN14	21q22.13	O95500
ENSG00000197496	SLC2A10	20q13.12	O95528
ENSG00000105755	ETHE1	19q13.31	O95571
ENSG00000068654	POLR1A	2p11.2	O95602
ENSG00000173175	ADCY5	3q21.1	O95622
ENSG00000124356	STAMBP	2p13.1	O95630
ENSG00000171551	ECEL1	2q37.1	O95672
ENSG00000112319	EYA4	6q23.2	O95677
ENSG00000170454	KRT75	12q13.13	O95678
ENSG00000128731	HERC2	15q13.1	O95714
ENSG00000107201	DDX58	9p21.1	O95786
ENSG00000151929	BAG3	10q26.11	O95817
ENSG00000156709	AIFM1	Xq26.1	O95831
ENSG00000106025	TSPAN12	7q31.31	O95859
ENSG00000143951	WDPCP	2p15	O95876
ENSG00000166948	TGM6	20p13	O95932
ENSG00000112837	TBX18	6q14.3	O95935
ENSG00000160282	FTCD	21q22.3	O95954
ENSG00000172638	EFEMP2	11q13.1	O95967
ENSG00000108231	LGI1	10q23.33	O95970
ENSG00000130385	BMP15	Xp11.22	O95972
ENSG00000141013	GAS8	16q24.3	O95995
ENSG00000164172	MOCS2	5q11.2	O96007
ENSG00000183765	CHEK2	22q12.1	O96017
ENSG00000198727	MT-CYB		P00156
ENSG00000148672	GLUD1	10q23.2	P00367
ENSG00000228716	DHFR	5q14.1	P00374
ENSG00000100243	CYB5R3	22q13.2	P00387
ENSG00000198804	MT-CO1		P00395
ENSG00000198712	MT-CO2		P00403
ENSG00000198938	MT-CO3		P00414
ENSG00000171759	PAH	12q23.2	P00439
ENSG00000142168	SOD1	21q22.11	P00441
ENSG00000185010	F8	Xq28	P00451
ENSG00000036473	OTC	Xp11.4	P00480
ENSG00000198805	PNP	14q11.2	P00491
ENSG00000165704	HPRT1	Xq26.2	P00492
ENSG00000146648	EGFR	7p11.2	P00533
ENSG00000102144	PGK1	Xq21.1	P00558
ENSG00000106992	AK1	9q34.11	P00568
ENSG00000180210	F2	11p11.2	P00734
ENSG00000257017	HP	16q22.2	P00738
ENSG00000101981	F9	Xq27.1	P00740
ENSG00000126218	F10	13q34	P00742
ENSG00000197766	CFD	19p13.3	P00746
ENSG00000274619	CFD	19p13.3	P00746
ENSG00000122194	PLG	6q26	P00747
ENSG00000131187	F12	5q35.3	P00748
ENSG00000239754	CFB	6p21.33	P00751
ENSG00000242335	CFB	6p21.33	P00751
ENSG00000243570	CFB	6p21.33	P00751
ENSG00000243649	CFB	6p21.33	P00751
ENSG00000241534	CFB	6p21.33	P00751
ENSG00000143839	REN	1q32.1	P00797
ENSG00000196839	ADA	20q13.12	P00813
ENSG00000198899	MT-ATP6		P00846
ENSG00000104267	CA2	8q21.2	P00918
ENSG00000130707	ASS1	9q34.11	P00966
ENSG00000164266	SPINK1	5q32	P00995
ENSG00000117601	SERPINC1	1q25.1	P01008
ENSG00000125730	C3	19p13.3	P01024
ENSG00000101439	CST3	20p11.21	P01034
ENSG00000213281	NRAS	1p13.2	P01111
ENSG00000174775	HRAS	11p15.5	P01112
ENSG00000276536	HRAS	11p15.5	P01112
ENSG00000133703	KRAS	12p12.1	P01116
ENSG00000100311	PDGFB	22q13.1	P01127
ENSG00000130164	LDLR	19p13.2	P01130
ENSG00000138798	EGF	4q25	P01133
ENSG00000101200	AVP	20p13	P01185
ENSG00000101327	PDYN	20p13	P01213
ENSG00000259384	GH1	17q23.3	P01241
ENSG00000042832	TG	8q24.22	P01266
ENSG00000152266	PTH	11p15.3	P01270
ENSG00000254647	INS	11p15.5	P01308
ENSG00000130427	EPO	7q22.1	P01588
ENSG00000134460	IL2RA	10p15.1	P01589
ENSG00000153563	CD8A	2p11.2	P01732
ENSG00000139219	COL2A1	12q13.11	P02458
ENSG00000168542	COL3A1	2q32.2	P02461
ENSG00000187498	COL4A1	13q34	P02462
ENSG00000160202	CRYAA	21q22.3	P02489
ENSG00000109846	CRYAB	11q23.1	P02511
ENSG00000186847	KRT14	17q21.2	P02533
ENSG00000205420	KRT6A	12q13.13	P02538
ENSG00000160789	LMNA	1q22	P02545
ENSG00000163554	SPTA1	1q23.1	P02549
ENSG00000118137	APOA1	11q23.3	P02647
ENSG00000130203	APOE	19q13.32	P02649
ENSG00000110245	APOC3	11q23.3	P02656
ENSG00000171560	FGA	4q31.3	P02671
ENSG00000171564	FGB	4q31.3	P02675
ENSG00000171557	FGG	4q32.1	P02679
ENSG00000138435	CHRNA1	2q31.1	P02708
ENSG00000004939	SLC4A1	17q21.31	P02730
ENSG00000159189	C1QC	1p36.12	P02747
ENSG00000113600	C9	5p13.1	P02748
ENSG00000115414	FN1	2q35	P02751
ENSG00000138207	RBP4	10q23.33	P02753
ENSG00000118271	TTR	18q12.1	P02766
ENSG00000163631	ALB	4q13.3	P02768
ENSG00000072274	TFRC	3q29	P02786
ENSG00000091513	TF	3q22.1	P02787
ENSG00000087086	FTL	19q13.33	P02792
ENSG00000091831	ESR1	6q25.1	P03372
ENSG00000198888	MT-ND1		P03886
ENSG00000198763	MT-ND2		P03891
ENSG00000198840	MT-ND3		P03897
ENSG00000212907	MT-ND4L		P03901
ENSG00000198886	MT-ND4		P03905
ENSG00000198786	MT-ND5		P03915
ENSG00000198695	MT-ND6		P03923
ENSG00000228253	MT-ATP8		P03928
ENSG00000214274	ANG	14q11.2	P03950
ENSG00000088926	F11	4q35.2	P03951
ENSG00000104899	AMH	19p13.3	P03971
ENSG00000128617	OPN1SW	7q32.1	P03999
ENSG00000268221	OPN1MW	Xq28	P04001
ENSG00000132155	RAF1	3p25.2	P04049
ENSG00000177628	GBA	1q22	P04062
ENSG00000179163	FUCA1	1p36.11	P04066
ENSG00000115718	PROC	2q14.3	P04070
ENSG00000149925	ALDOA	16p11.2	P04075
ENSG00000160213	CSTB	21q22.3	P04080
ENSG00000113580	NR3C1	5q31.3	P04150
ENSG00000171867	PRNP	20p13	P04156
ENSG00000213398	LCAT	16q22.1	P04180
ENSG00000065154	OAT	10q26.13	P04181
ENSG00000113905	HRG	3q27.3	P04196
ENSG00000134323	MYCN	2p24.3	P04198
ENSG00000185479	KRT6B	12q13.13	P04259
ENSG00000167768	KRT1	12q13.13	P04264
ENSG00000110799	VWF	12p13.31	P04275
ENSG00000104833	TUBB4A	19p13.3	P04350
ENSG00000126522	ASL	7q11.21	P04424
ENSG00000141736	ERBB2	17q12	P04626
ENSG00000125084	WNT1	12q13.12	P04628
ENSG00000198400	NTRK1	1q23.1	P04629
ENSG00000141510	TP53	17p13.1	P04637
ENSG00000106211	HSPB1	7q11.23	P04792
ENSG00000165168	CYBB	Xp21.1	P04839
ENSG00000136872	ALDOB	9q31.1	P05062
ENSG00000142192	APP	21q21.3	P05067
ENSG00000118520	ARG1	6q23.2	P05089
ENSG00000148795	CYP17A1	10q24.32	P05093
ENSG00000259207	ITGB3	17q21.32	P05106
ENSG00000140459	CYP11A1	15q24.1	P05108
ENSG00000126583	PRKCG	19q13.42	P05129
ENSG00000149131	SERPING1	11q12.1	P05155
ENSG00000205403	CFI	4q25	P05156
ENSG00000143278	F13B	1q31.3	P05160
ENSG00000005381	MPO	17q22	P05164
ENSG00000175198	PCCA	13q32.3	P05165
ENSG00000114054	PCCB	3q22.3	P05166
ENSG00000162551	ALPL	1p36.12	P05186
ENSG00000078401	EDN1	6p24.1	P05305
ENSG00000099937	SERPIND1	22q11.21	P05546
ENSG00000137203	TFAP2A	6p24.3	P05549
ENSG00000111057	KRT18	12q13.13	P05783
ENSG00000170421	KRT8	12q13.13	P05787
ENSG00000204262	COL5A2	2q32.2	P05997
ENSG00000126088	UROD	1p34.1	P06132
ENSG00000171105	INSR	19p13.2	P06213
ENSG00000182866	LCK	1p35.2	P06239
ENSG00000114200	BCHE	3q26.1	P06276
ENSG00000102393	GLA	Xq22.1	P06280
ENSG00000148180	GSN	9q33.2	P06396
ENSG00000139687	RB1	13q14.2	P06400
ENSG00000166278	C2	6p21.33	P06681
ENSG00000204364	C2	6p21.33	P06681
ENSG00000206372	C2	6p21.33	P06681
ENSG00000235696	C2	6p21.33	P06681
ENSG00000231543	C2	6p21.33	P06681
ENSG00000235017	C2	6p21.33	P06681
ENSG00000226560	C2	6p21.33	P06681
ENSG00000105220	GPI	19q13.11	P06744
ENSG00000143549	TPM3	1q21.3	P06753
ENSG00000175445	LPL	8p21.3	P06858
ENSG00000213614	HEXA	15q23	P06865
ENSG00000180176	TH	11p15.5	P07101
ENSG00000111716	LDHB	12p12.1	P07195
ENSG00000277586	NEFL	8p21.2	P07196
ENSG00000115705	TPO	2p25.3	P07202
ENSG00000178726	THBD	20p11.21	P07204
ENSG00000184500	PROS1	3q11.1	P07225
ENSG00000185624	P4HB	17q25.3	P07237
ENSG00000163254	CRYGC	2q33.3	P07315
ENSG00000285011	CRYGC	2q33.3	P07315
ENSG00000118231	CRYGD	2q33.3	P07320
ENSG00000285434	CRYGD	2q33.3	P07320
ENSG00000182578	CSF1R	5q32	P07333
ENSG00000117984	CTSD	11p15.5	P07339
ENSG00000185245	GP1BA	17p13.2	P07359
ENSG00000014216	CAPN1	11q13.1	P07384
ENSG00000196230	TUBB	6p21.33	P07437
ENSG00000183311	TUBB	6p21.33	P07437
ENSG00000235067	TUBB	6p21.33	P07437
ENSG00000224156	TUBB	6p21.33	P07437
ENSG00000229684	TUBB	6p21.33	P07437
ENSG00000227739	TUBB	6p21.33	P07437
ENSG00000232421	TUBB	6p21.33	P07437
ENSG00000232575	TUBB	6p21.33	P07437
ENSG00000204983	PRSS1	7q34	P07477
ENSG00000274247	PRSS1	7q34	P07477
ENSG00000196811	CHRNG	2q37.1	P07510
ENSG00000197746	PSAP	10q22.1	P07602
ENSG00000108518	PFN1	17p13.2	P07737
ENSG00000198931	APRT	16q24.3	P07741
ENSG00000136628	EPRS	1q41	P07814
ENSG00000213930	GALT	9p13.3	P07902
ENSG00000169344	UMOD	16p12.3	P07911
ENSG00000165731	RET	10q11.21	P07949
ENSG00000198467	TPM2	9p13.3	P07951
ENSG00000091483	FH	1q43	P07954
ENSG00000168878	SFTPB	2p11.2	P07988
ENSG00000012061	ERCC1	19q13.32	P07992
ENSG00000169562	GJB1	Xq13.1	P08034
ENSG00000140443	IGF1R	15q26.3	P08069
ENSG00000163914	RHO	3q22.1	P08100
ENSG00000164692	COL1A2	7q21.3	P08123
ENSG00000170099	SERPINA6	14q32.13	P08185
ENSG00000277405	SERPINA6	14q32.13	P08185
ENSG00000151623	NR3C2	4q31.23	P08235
ENSG00000169919	GUSB	7q11.21	P08236
ENSG00000152556	PFKM	12q13.11	P08237
ENSG00000070669	ASNS	7q21.3	P08243
ENSG00000197561	ELANE	19p13.3	P08246
ENSG00000277571	ELANE	19p13.3	P08246
ENSG00000102003	SYP	Xp11.23	P08247
ENSG00000087245	MMP2	16q12.2	P08253
ENSG00000256269	HMBS	11q23.3	P08397
ENSG00000281702	HMBS	11q23.3	P08397
ENSG00000196549	MME	3q25.2	P08473
ENSG00000005961	ITGA2B	17q21.31	P08514
ENSG00000131828	PDHA1	Xp22.12	P08559
ENSG00000134871	COL4A2	13q34	P08572
ENSG00000105976	MET	7q31.2	P08581
ENSG00000160808	MYL3	3p21.31	P08590
ENSG00000026025	VIM	10p13	P08670
ENSG00000235134	CYP21A2		P08686
ENSG00000198457	CYP21A2		P08686
ENSG00000167711	SERPINF2	17p13.3	P08697
ENSG00000057593	F7	13q34	P08709
ENSG00000186832	KRT16	17q21.2	P08779
ENSG00000101846	STS	Xp22.31	P08842
ENSG00000168028	RPSA	3p22.1	P08865
ENSG00000170927	PKHD1	6p12.2	P08F94
ENSG00000114686	MRPL3	3q22.1	P09001
ENSG00000123454	DBH	9q34.2	P09172
ENSG00000151552	QDPR	4p15.32	P09417
ENSG00000165140	FBP1	9q22.32	P09467
ENSG00000087258	GNAO1	16q13	P09471
ENSG00000140416	TPM1	15q22.2	P09493
ENSG00000113721	PDGFRB	5q32	P09619
ENSG00000091140	DLD	7q31.1	P09622
ENSG00000135486	HNRNPA1	12q13.13	P09651
ENSG00000115850	LCT	2q21.3	P09848
ENSG00000182326	C1S	12p13.31	P09871
ENSG00000154277	UCHL1	4p13	P09936
ENSG00000102128	RAB40AL	Xq22.1	P0C0E4
ENSG00000236320	SLFN14	17q12	P0C7P3
ENSG00000136698	CFC1	2q21.1	P0CG37
ENSG00000237412	PRSS56	2q37.1	P0CW18
ENSG00000196459	TRAPPC2	19q13.43	P0DI81
ENSG00000198668	CALM1	14q32.11	P0DP23
ENSG00000143933	CALM2	2p21	P0DP24
ENSG00000186184	POLR1D	13q12.2	P0DPB6
ENSG00000074047	GLI2	2q14.2	P10070
ENSG00000106571	GLI3	7p14.1	P10071
ENSG00000171298	GAA	17q25.3	P10253
ENSG00000169083	AR	Xq12	P10275
ENSG00000175745	NR2F1	5q15	P10589
ENSG00000119699	TGFB3	14q24.3	P10600
ENSG00000064601	CTSA	20q13.12	P10619
ENSG00000186868	MAPT	17q21.31	P10636
ENSG00000112936	C7	5p13.1	P10643
ENSG00000108946	PRKAR1A	17q24.2	P10644
ENSG00000157404	KIT	4q12	P10721
ENSG00000265203	RBP3	10q11.22	P10745
ENSG00000188690	UROS	10q26.2	P10746
ENSG00000144381	HSPD1	2q33.1	P10809
ENSG00000151090	THRB	3p24.2	P10828
ENSG00000112964	GHR	5p12	P10912
ENSG00000125347	IRF1	5q31.1	P10914
ENSG00000111245	MYL2	12q24.11	P10916
ENSG00000109063	MYH3	17p13.1	P11055
ENSG00000166035	LIPC	15q21.3	P11150
ENSG00000122877	EGR2	10q21.3	P11161
ENSG00000117394	SLC2A1	1p34.2	P11166
ENSG00000163581	SLC2A2	3q26.2	P11168
ENSG00000114491	UMPS	3q21.2	P11172
ENSG00000168291	PDHB	3p14.3	P11177
ENSG00000068976	PYGM	11q13.1	P11217
ENSG00000170175	CHRNB1	17p13.1	P11230
ENSG00000283946	CHRNB1	17p13.1	P11230
ENSG00000070182	SPTB	14q23.3	P11277
ENSG00000117054	ACADM	1p31.1	P11310
ENSG00000077782	FGFR1	8p11.23	P11362
ENSG00000160211	G6PD	Xq28	P11413
ENSG00000111424	VDR	12q13.11	P11473
ENSG00000186895	FGF3	11q13.3	P11487
ENSG00000114349	GNAT1	3p21.31	P11488
ENSG00000173599	PC	11q13.2	P11498
ENSG00000137869	CYP19A1	15q21.2	P11511
ENSG00000087237	CETP	16q13	P11597
ENSG00000121053	EPX	17q22	P11678
ENSG00000135446	CDK4	12q14.1	P11802
ENSG00000132646	PCNA	20p12.3	P12004
ENSG00000138675	FGF5	4q21.21	P12034
ENSG00000186442	KRT3	12q13.13	P12035
ENSG00000170445	HARS	5q31.3	P12081
ENSG00000060718	COL11A1	1p21.1	P12107
ENSG00000142156	COL6A1	21q22.3	P12109
ENSG00000142173	COL6A2	21q22.3	P12110
ENSG00000163359	COL6A3	2q37.3	P12111
ENSG00000151729	SLC25A4	4q35.1	P12235
ENSG00000198734	F5	1q24.2	P12259
ENSG00000140522	RLBP1	15q26.1	P12271
ENSG00000087494	PTHLH	12p11.22	P12272
ENSG00000125378	BMP4	14q22.2	P12644
ENSG00000248098	BCKDHA	19q13.2	P12694
ENSG00000157933	SKI	1p36.33	P12755
ENSG00000072110	ACTN1	14q24.1	P12814
ENSG00000198336	MYL4	17q21.32	P12829
ENSG00000092054	MYH7	14q11.2	P12883
ENSG00000197122	SRC	20q11.23	P12931
ENSG00000124299	PEPD	19q13.11	P12955
ENSG00000076248	UNG	12q24.11	P13051
ENSG00000203618	GP1BB	22q11.21	P13224
ENSG00000005893	LAMP2	Xq24	P13473
ENSG00000168487	BMP1	8p21.3	P13497
ENSG00000051523	CYBA	16q24.2	P13498
ENSG00000197616	MYH6	14q11.2	P13533
ENSG00000133020	MYH8	17p13.1	P13535
ENSG00000001626	CFTR	7q31.2	P13569
ENSG00000105409	ATP1A3	19q13.2	P13637
ENSG00000186395	KRT10	17q21.2	P13645
ENSG00000171401	KRT13	17q21.2	P13646
ENSG00000186081	KRT5	12q13.13	P13647
ENSG00000102575	ACP5	19p13.2	P13686
ENSG00000148218	ALAD	9q32	P13716
ENSG00000140374	ETFA	15q24.2	P13804
ENSG00000100170	SLC5A1	22q12.3	P13866
ENSG00000108515	ENO3	17p13.2	P13929
ENSG00000227801	COL11A2	6p21.32	P13942
ENSG00000085063	CD59	11p13	P13987
ENSG00000131095	GFAP	17q21.31	P14136
ENSG00000124205	EDN3	20q13.32	P14138
ENSG00000180644	PRF1	10q22.1	P14222
ENSG00000160752	FDPS	1q22	P14324
ENSG00000090402	SI	3q26.1	P14410
ENSG00000158517	NCF1	7q11.23	P14598
ENSG00000120094	HOXB1	17q21.32	P14653
ENSG00000181856	SLC2A4	17p13.1	P14672
ENSG00000077498	TYR	11q14.3	P14679
ENSG00000169704	GP9	3q21.3	P14770
ENSG00000126267	COX6B1	19q13.12	P14854
ENSG00000022355	GABRA1	5q34	P14867
ENSG00000115866	DARS	2q21.3	P14868
ENSG00000173801	JUP	17q21.2	P14923
ENSG00000157764	BRAF	7q34	P15056
ENSG00000120054	CPN1	10q24.2	P15169
ENSG00000164708	PGAM2	7p13	P15259
ENSG00000027697	IFNGR1	6q23.3	P15260
ENSG00000116039	ATP6V1B1	2p13.3	P15313
ENSG00000180509	KCNE1	21q22.12	P15382
ENSG00000164120	HPGD	4q34.1	P15428
ENSG00000198223	CSF2RA	Xp22.33	P15509
ENSG00000117335	CD46	1q32.2	P15529
ENSG00000160882	CYP11B1	8q24.3	P15538
ENSG00000156873	PHKG2	16p11.2	P15735
ENSG00000113273	ARSB	5q14.1	P15848
ENSG00000125813	PAX1	20p11.22	P15863
ENSG00000128656	CHN1	2q31.1	P15882
ENSG00000196628	TCF4	18q21.2	P15884
ENSG00000166349	RAG1	11p12	P15918
ENSG00000096696	DSP	6p24.3	P15924
ENSG00000102145	GATA1	Xp11.23	P15976
ENSG00000157766	ACAN	15q26.1	P16112
ENSG00000132470	ITGB4	17q25.1	P16144
ENSG00000029534	ANK1	8p11.21	P16157
ENSG00000122971	ACADS	12q24.31	P16219
ENSG00000175535	PNLIP	10q25.3	P16233
ENSG00000177301	KCNA2	1p13.3	P16389
ENSG00000163599	CTLA4	2q33.2	P16410
ENSG00000119888	EPCAM	2p21	P16422
ENSG00000166947	EPB42	15q15.2	P16452
ENSG00000113494	PRLR	5p13.2	P16471
ENSG00000132915	PDE6A	5q32	P16499
ENSG00000111664	GNB3	12p13.31	P16520
ENSG00000174437	ATP2A2	12q24.11	P16615
ENSG00000135218	CD36	7q21.11	P16671
ENSG00000168685	IL7R	5p13.2	P16871
ENSG00000197943	PLCG2	16q23.3	P16885
ENSG00000103876	FAH	15q25.1	P16930
ENSG00000198951	NAGA	22q13.2	P17050
ENSG00000152661	GJA1	6q22.31	P17302
ENSG00000166311	SMPD1	11p15.4	P17405
ENSG00000107165	TYRP1	9p23	P17643
ENSG00000175084	DES	2q35	P17661
ENSG00000106991	ENG	9q34.11	P17813
ENSG00000196743	GM2A	5q33.1	P17900
ENSG00000104884	ERCC2	19q13.32	P18074
ENSG00000182899	RPL35A	3q29	P18077
ENSG00000035403	VCL	10q22.2	P18206
ENSG00000113327	GABRG2	5q34	P18507
ENSG00000115221	ITGB6	2q24.2	P18564
ENSG00000118217	ATF6	1q23.3	P18850
ENSG00000179142	CYP11B2	8q24.3	P19099
ENSG00000187266	EPOR	19p13.2	P19235
ENSG00000156515	HK1	10q22.1	P19367
ENSG00000129991	TNNI3	19q13.42	P19429
ENSG00000067182	TNFRSF1A	12p13.31	P19438
ENSG00000090020	SLC9A1	1p36.11	P19634
ENSG00000116701	NCF2	1q25.3	P19878
ENSG00000025708	TYMP	22q13.33	P19971
ENSG00000159899	NPR2	9p13.3	P20594
ENSG00000132437	DDC	7p12.1	P20711
ENSG00000111837	MAK	6p24.2	P20794
ENSG00000092529	CAPN3	15q15.1	P20807
ENSG00000130635	COL5A1	9q34.3	P20908
ENSG00000105695	MAG	19q13.12	P20916
ENSG00000038002	AGA	4q34.3	P20933
ENSG00000145715	RASA1	5q14.3	P20936
ENSG00000147416	ATP6V1B2	8p21.3	P21281
ENSG00000196924	FLNA	Xq28	P21333
ENSG00000196712	NF1	17q11.2	P21359
ENSG00000005471	ABCB4	7q21.12	P21439
ENSG00000172482	AGXT	2q37.3	P21549
ENSG00000049130	KITLG	12q21.32	P21583
ENSG00000135318	NT5E	6q14.3	P21589
ENSG00000147133	TAF1	Xq13.1	P21675
ENSG00000167588	GPD1	12q13.12	P21695
ENSG00000006638	TBXA2R	19p13.3	P21731
ENSG00000066468	FGFR2	10q26.13	P21802
ENSG00000182492	BGN	Xq28	P21810
ENSG00000196218	RYR1	19q13.2	P21817
ENSG00000117118	SDHB	1p36.13	P21912
ENSG00000083123	BCKDHB	6q14.1	P21953
ENSG00000146085	MMUT	6p12.3	P22033
ENSG00000168477	TNXB	6p21.33	P22105
ENSG00000062038	CDH3	16q22.1	P22223
ENSG00000010404	IDS	Xq28	P22304
ENSG00000241635	UGT1A1	2q37.1	P22309
ENSG00000130985	UBA1	Xp11.3	P22314
ENSG00000197594	ENPP1	6q23.2	P22413
ENSG00000160867	FGFR4	5q35.2	P22455
ENSG00000158578	ALAS2	Xp11.21	P22557
ENSG00000068078	FGFR3	4p16.3	P22607
ENSG00000165059	PRKACG	9q21.11	P22612
ENSG00000122566	HNRNPA2B1	7p15.2	P22626
ENSG00000152669	CCNO	5q11.2	P22674
ENSG00000110395	CBL	11q23.3	P22681
ENSG00000092295	TGM1	14q12	P22735
ENSG00000285348	TGM1	14q12	P22735
ENSG00000167434	CA4	17q23.1	P22748
ENSG00000066926	FECH	18q21.31	P22830
ENSG00000138039	LHCGR	2p16.3	P22888
ENSG00000213139	CRYGS	3q27.3	P22914
ENSG00000136936	XPA	9q22.33	P23025
ENSG00000116748	AMPD1	1p13.2	P23109
ENSG00000131462	TUBG1	17q21.2	P23258
ENSG00000166794	PPIB	15q22.31	P23284
ENSG00000011201	ANOS1	Xp22.31	P23352
ENSG00000178445	GLDC	9p24.1	P23378
ENSG00000111046	MYF6	12q21.31	P23409
ENSG00000145888	GLRA1	5q33.1	P23415
ENSG00000101444	AHCY	20q11.22	P23526
ENSG00000176697	BDNF	11p14.1	P23560
ENSG00000135903	PAX3	2q36.1	P23760
ENSG00000179348	GATA2	3q21.3	P23769
ENSG00000107485	GATA3	10p14	P23771
ENSG00000157184	CPT2	1p32.3	P23786
ENSG00000103546	SLC6A2	16q12.2	P23975
ENSG00000196569	LAMA2	6q22.33	P24043
ENSG00000188419	CHM	Xq21.2	P24386
ENSG00000185551	NR2F2	15q26.2	P24468
ENSG00000136160	EDNRB	13q22.3	P24530
ENSG00000075239	ACAT1	11q22.3	P24752
ENSG00000041982	TNC	9q33.1	P24821
ENSG00000134982	APC	5q22.2	P25054
ENSG00000171812	COL8A2	1p34.3	P25067
ENSG00000070019	GUCY2C	12p12.3	P25092
ENSG00000151617	EDNRA	4q31.22	P25101
ENSG00000158887	MPZ	1q23.3	P25189
ENSG00000026103	FAS	10q23.31	P25445
ENSG00000152234	ATP5F1A	18q21.1	P25705
ENSG00000101017	CD40	20q13.12	P25942
ENSG00000100906	NFKBIA	14q13.2	P25963
ENSG00000005884	ITGA3	17q21.33	P26006
ENSG00000130816	DNMT1	19p13.2	P26358
ENSG00000007372	PAX6	11p13	P26367
ENSG00000203859	HSD3B2	1p12	P26439
ENSG00000128928	IVD	15q15.1	P26440
ENSG00000096171	VARS	6p21.33	P26640
ENSG00000204394	VARS	6p21.33	P26640
ENSG00000226589	VARS	6p21.33	P26640
ENSG00000198523	PLN	6q22.31	P26678
ENSG00000139193	CD27	12p13.31	P26842
ENSG00000100053	CRYBB3	22q11.23	P26998
ENSG00000134812	CBLIF	11q12.1	P27352
ENSG00000130283	GDF1	19p13.11	P27539
ENSG00000223802	CERS1	19p13.11	P27544
ENSG00000084774	CAD	2p23.3	P27708
ENSG00000126759	CFP	Xp11.23	P27918
ENSG00000145675	PIK3R1	5q13.1	P27986
ENSG00000204264	PSMB8	6p21.32	P28062
ENSG00000206298	PSMB8	6p21.32	P28062
ENSG00000236443	PSMB8	6p21.32	P28062
ENSG00000226201	PSMB8	6p21.32	P28062
ENSG00000231631	PSMB8	6p21.32	P28062
ENSG00000230669	PSMB8	6p21.32	P28062
ENSG00000235715	PSMB8	6p21.32	P28062
ENSG00000064835	POU1F1	3p11.2	P28069
ENSG00000113083	LOX	5q23.1	P28300
ENSG00000164751	PEX2	8q21.13	P28328
ENSG00000070748	CHAT	10q11.23	P28329
ENSG00000023228	NDUFS1	2q33.3	P28331
ENSG00000283447	NDUFS1	2q33.3	P28331
ENSG00000062822	POLD1	19q13.33	P28340
ENSG00000187079	TEAD1	11p15.3	P28347
ENSG00000128710	HOXD10	2q31.1	P28358
ENSG00000163132	MSX1	4p16.2	P28360
ENSG00000166206	GABRB3	15q12	P28472
ENSG00000134899	ERCC5	13q33.1	P28715
ENSG00000165474	GJB2	13q12.11	P29033
ENSG00000175426	PCSK1	5q15	P29120
ENSG00000142627	EPHA2	1p36.13	P29317
ENSG00000169836	TACR3	4q24	P29371
ENSG00000188153	COL4A5	Xq22.3	P29400
ENSG00000163931	TKT	3p21.1	P29401
ENSG00000102245	CD40LG	Xq26.3	P29965
ENSG00000198515	CNGA1	4p12	P29973
ENSG00000159423	ALDH4A1	1p36.13	P30038
ENSG00000127884	ECHS1	10q26.3	P30084
ENSG00000105568	PPP2R1A	19q13.41	P30153
ENSG00000118971	CCND2	12p13.32	P30279
ENSG00000135517	MIP	12q13.3	P30301
ENSG00000126895	AVPR2	Xq28	P30518
ENSG00000157103	SLC6A1	3p25.3	P30531
ENSG00000144891	AGTR1	3q24	P30556
ENSG00000239900	ADSL	22q13.1	P30566
ENSG00000143627	PKLR	1q22	P30613
ENSG00000262785	PKLR	1q22	P30613
ENSG00000131979	GCH1	14q22.2	P30793
ENSG00000109163	GNRHR	4q13.2	P30968
ENSG00000073578	SDHA	5p15.33	P31040
ENSG00000102879	CORO1A	16p11.2	P31146
ENSG00000203879	GDI1	Xq28	P31150
ENSG00000106031	HOXA13	7p15.2	P31271
ENSG00000123364	HOXC13	12q13.13	P31276
ENSG00000021826	CPS1	2q34	P31327
ENSG00000102678	FGF9	13q12.11	P31371
ENSG00000143318	CASQ1	1q23.2	P31415
ENSG00000116001	TIA1	2p13.3	P31483
ENSG00000007933	FMO3	1q24.3	P31513
ENSG00000140675	SLC5A2	16p11.2	P31639
ENSG00000142208	AKT1	14q32.33	P31749
ENSG00000105221	AKT2	19q13.2	P31751
ENSG00000147168	IL2RG	Xq13.1	P31785
ENSG00000138363	ATIC	2q35	P31939
ENSG00000198910	L1CAM	Xq28	P32004
ENSG00000198814	GK	Xp21.2	P32189
ENSG00000165588	OTX2	14q22.3	P32243
ENSG00000183010	PYCR1	17q25.3	P32322
ENSG00000116761	CTH	1p31.1	P32929
ENSG00000101986	ABCD1	Xq28	P33897
ENSG00000141012	GALNS	16q24.3	P34059
ENSG00000225950	NTF4	19q13.33	P34130
ENSG00000178802	MPI	15q24.1	P34949
ENSG00000174990	CA5A	16q24.2	P35218
ENSG00000178538	CA8	8q12.1	P35219
ENSG00000044115	CTNNA1	5q31.2	P35221
ENSG00000168036	CTNNB1	3p22.1	P35222
ENSG00000186575	NF2	22q12.2	P35240
ENSG00000137710	RDX	11q22.3	P35241
ENSG00000116096	SPR	2p13.2	P35270
ENSG00000128714	HOXD13	2q31.1	P35453
ENSG00000127415	IDUA	4p16.3	P35475
ENSG00000144285	SCN1A	2q24.3	P35498
ENSG00000007314	SCN4A	17q23.3	P35499
ENSG00000160200	CBS	21q22.3	P35520
ENSG00000188037	CLCN1	7q34	P35523
ENSG00000171403	KRT9	17q21.2	P35527
ENSG00000120149	MSX2	5q35.2	P35548
ENSG00000138829	FBN2	5q23.3	P35556
ENSG00000106633	GCK	7p13	P35557
ENSG00000124253	PCK1	20q13.31	P35558
ENSG00000131482	G6PC	17q21.31	P35575
ENSG00000100345	MYH9	22q12.3	P35579
ENSG00000184432	COPB2	3q23	P35606
ENSG00000077522	ACTN2	1q43	P35609
ENSG00000100234	TIMP3	22q12.3	P35625
ENSG00000089280	FUS	16p11.2	P35637
ENSG00000123191	ATP7B	13q14.3	P35670
ENSG00000276194	HNF1B	17q12	P35680
ENSG00000275410	HNF1B	17q12	P35680
ENSG00000203883	SOX18	20q13.33	P35713
ENSG00000176887	SOX11	2p25.2	P35716
ENSG00000133392	MYH11	16p13.11	P35749
ENSG00000276480	MYH11	16p13.11	P35749
ENSG00000099769	IGFALS	16p13.3	P35858
ENSG00000172867	KRT2	12q13.13	P35908
ENSG00000133256	PDE6B	4p16.3	P35913
ENSG00000117305	HMGCL	1p36.11	P35914
ENSG00000037280	FLT4	5q35.3	P35916
ENSG00000128052	KDR	4q12	P35968
ENSG00000147100	SLC16A2	Xq13.2	P36021
ENSG00000265107	GJA5	1q21.2	P36382
ENSG00000126934	MAP2K2	19p13.3	P36507
ENSG00000131100	ATP6V1E1	22q11.21	P36543
ENSG00000080819	CPOX	3q11.2	P36551
ENSG00000196365	LONP1	19p13.3	P36776
ENSG00000079739	PGM1	1p31.3	P36871
ENSG00000107779	BMPR1A	10q23.2	P36894
ENSG00000106799	TGFBR1	9q22.33	P36897
ENSG00000139567	ACVRL1	12q13.13	P37023
ENSG00000130948	HSD17B3	9q22.32	P37058
ENSG00000111319	SCNN1A	12p13.31	P37088
ENSG00000163513	TGFBR2	3p24.1	P37173
ENSG00000213024	NUP62	19q13.33	P37198
ENSG00000132170	PPARG	3p25.2	P37231
ENSG00000148516	ZEB1	10p11.22	P37275
ENSG00000165195	PIGA	Xp22.2	P37287
ENSG00000145335	SNCA	4q22.1	P37840
ENSG00000105379	ETFB	19q13.41	P38117
ENSG00000012048	BRCA1	17q21.31	P38398
ENSG00000141404	GNAL	18p11.21	P38405
ENSG00000115486	GGCX	2p11.2	P38435
ENSG00000159128	IFNGR2	21q22.11	P38484
ENSG00000107798	LIPA	10q23.31	P38571
ENSG00000114573	ATP6V1A	3q13.31	P38606
ENSG00000113013	HSPA9	5q31.2	P38646
ENSG00000141543	EIF4A3	17q25.3	P38919
ENSG00000132740	IGHMBP2	11q13.3	P38935
ENSG00000105372	RPS19	19q13.2	P39019
ENSG00000115204	MPV17	2p23.3	P39210
ENSG00000244038	DDOST	1p36.12	P39656
ENSG00000127472	PLA2G5	1p36.13	P39877
ENSG00000168621	GDNF	5p13.2	P39905
ENSG00000153283	CD96	3q13.13	P40200
ENSG00000117400	MPL	1p34.2	P40238
ENSG00000007312	CD79B	17q23.3	P40259
ENSG00000134086	VHL	3p25.3	P40337
ENSG00000076242	MLH1	3p22.2	P40692
ENSG00000168610	STAT3	17q21.2	P40763
ENSG00000138592	USP8	15q21.2	P40818
ENSG00000091138	SLC26A3	7q22.3	P40879
ENSG00000146701	MDH2	7q11.23	P40926
ENSG00000084754	HADHA	2p23.3	P40939
ENSG00000130741	EIF2S3	Xp22.11	P41091
ENSG00000174697	LEP	7q32.1	P41159
ENSG00000036828	CASR	3q21.1	P41180
ENSG00000167580	AQP2	12q13.12	P41181
ENSG00000139083	ETV6	12p13.2	P41212
ENSG00000114251	WNT5A	3p14.3	P41221
ENSG00000102030	NAA10	Xq28	P41227
ENSG00000126012	KDM5C	Xp11.22	P41229
ENSG00000101076	HNF4A	20q13.12	P41235
ENSG00000106105	GARS	7p14.3	P41250
ENSG00000196305	IARS	9q22.31	P41252
ENSG00000156298	TSPAN7	Xp11.4	P41732
ENSG00000115415	STAT1	2q32.2	P42224
ENSG00000125675	GRIA3	Xq25	P42263
ENSG00000121879	PIK3CA	3q26.32	P42336
ENSG00000198793	MTOR	1p36.22	P42345
ENSG00000241973	PI4KA	22q11.21	P42356
ENSG00000084110	HAL	12q23.1	P42357
ENSG00000130226	DPP6	7q36.2	P42658
ENSG00000282974	DPP6	7q36.2	P42658
ENSG00000151503	NCAPD3	11q25	P42695
ENSG00000096996	IL12RB1	19p13.11	P42701
ENSG00000138095	LRPPRC	2p21	P42704
ENSG00000015285	WAS	Xp11.23	P42768
ENSG00000147889	CDKN2A	9p21.3	P42771
ENSG00000197386	HTT	4p16.3	P42858
ENSG00000177000	MTHFR	1p36.22	P42898
ENSG00000079215	SLC1A3	5p13.2	P43003
ENSG00000110436	SLC1A2	11p13	P43004
ENSG00000106688	SLC1A1	9p24.2	P43005
ENSG00000115902	SLC1A4	2p14	P43007
ENSG00000007168	PAFAH1B1	17p13.3	P43034
ENSG00000048545	GUCA1A	6p21.1	P43080
ENSG00000187323	DCC	18q21.2	P43146
ENSG00000095321	CRAT	9q34.11	P43155
ENSG00000143387	CTSK	1q21.3	P43235
ENSG00000015479	MATR3	5q31.2	P43243
ENSG00000095002	MSH2	2p21	P43246
ENSG00000169814	BTD	3p25.1	P43251
ENSG00000115085	ZAP70	2q11.2	P43403
ENSG00000186827	TNFRSF4	1p36.33	P43489
ENSG00000139679	LPAR6	13q14.2	P43657
ENSG00000101204	CHRNA4	20q13.33	P43681
ENSG00000136574	GATA4	8p23.1	P43694
ENSG00000285109	GATA4	8p23.1	P43694
ENSG00000136352	NKX2-1	14q13.3	P43699
ENSG00000123297	TSFM	12q14.1	P43897
ENSG00000130595	TNNT3	11p15.5	P45378
ENSG00000118194	TNNT2	1q32.1	P45379
ENSG00000108381	ASPA	17p13.2	P45381
ENSG00000137745	MMP13	11q22.2	P45452
ENSG00000196177	ACADSB	10q26.13	P45954
ENSG00000044446	PHKA2	Xp22.13	P46019
ENSG00000067177	PHKA1	Xq13.1	P46020
ENSG00000148400	NOTCH1	9q34.3	P46531
ENSG00000122406	RPL5	1p22.1	P46777
ENSG00000122026	RPL21	13q12.2	P46778
ENSG00000163754	GYG1	3q24	P46976
ENSG00000134910	STT3A	11q24.2	P46977
ENSG00000145864	GABRB2	5q34	P47870
ENSG00000184254	ALDH1A3	15q26.3	P47895
ENSG00000172053	QARS	3p21.31	P47897
ENSG00000158125	XDH	2p23.1	P47989
ENSG00000130821	SLC6A8	Xq28	P48029
ENSG00000151704	KCNJ1	11q24.3	P48048
ENSG00000157542	KCNJ6	21q22.13	P48051
ENSG00000121634	GJA8	1q21.2	P48165
ENSG00000109738	GLRB	4q32.1	P48167
ENSG00000116678	LEPR	1p31.3	P48357
ENSG00000143390	RFX5	1q21.3	P48382
ENSG00000181449	SOX2	3q26.33	P48431
ENSG00000125398	SOX9	17q24.3	P48436
ENSG00000160285	LSS	21q22.3	P48449
ENSG00000001084	GCLC	6p12.1	P48506
ENSG00000120457	KCNJ5	11q24.3	P48544
ENSG00000129159	KCNC1	11p15.1	P48547
ENSG00000100983	GSS	20q11.22	P48637
ENSG00000150753	CCT5	5p15.2	P48643
ENSG00000156471	PTDSS1	8q22.1	P48651
ENSG00000170465	KRT6C	12q13.13	P48668
ENSG00000145020	AMT	3p21.31	P48728
ENSG00000141551	CSNK1D	17q25.3	P48730
ENSG00000182054	IDH2	15q26.1	P48735
ENSG00000066230	SLC9A3	5p15.33	P48764
ENSG00000130598	TNNI2	11p15.5	P48788
ENSG00000153574	RPIA	2p11.2	P49247
ENSG00000110911	SLC11A2	12q13.12	P49281
ENSG00000164904	ALDH7A1	5q23.2	P49419
ENSG00000077721	UBE2A	Xq24	P49459
ENSG00000161217	PCYT1A	3q29	P49585
ENSG00000090861	AARS	16q22.1	P49588
ENSG00000112855	HARS2	5q31.3	P49590
ENSG00000137561	TTPA	8q12.3	P49638
ENSG00000147465	STAR	8p11.23	P49675
ENSG00000102974	CTCF	16q22.1	P49711
ENSG00000245848	CEBPA	19q13.11	P49715
ENSG00000105664	COMP	19p13.11	P49747
ENSG00000072778	ACADVL	17p13.1	P49748
ENSG00000080815	PSEN1	14q24.2	P49768
ENSG00000119718	EIF2B2	14q24.3	P49770
ENSG00000169567	HINT1	5q23.3	P49773
ENSG00000153201	RANBP2	2q13	P49792
ENSG00000143801	PSEN2	1q42.13	P49810
ENSG00000103197	TSC2	16p13.3	P49815
ENSG00000167792	NDUFV1	11q13.2	P49821
ENSG00000106290	TAF6	7q22.1	P49848
ENSG00000174405	LIG4	13q33.3	P49917
ENSG00000129757	CDKN1C	11p15.4	P49918
ENSG00000020922	MRE11	11q21	P49959
ENSG00000138030	KHK	2p23.3	P50053
ENSG00000150540	HNMT	2q22.1	P50135
ENSG00000156052	GNAQ	9q21.2	P50148
ENSG00000130675	MNX1	7q36.3	P50219
ENSG00000143224	PPOX	1q23.3	P50336
ENSG00000102119	EMD	Xq28	P50402
ENSG00000110090	CPT1A	11q13.3	P50416
ENSG00000171766	GATM	15q21.1	P50440
ENSG00000155850	SLC26A2	5q32	P50443
ENSG00000149257	SERPINH1	11q13.5	P50454
ENSG00000129170	CSRP3	11p15.1	P50461
ENSG00000139197	PEX5	12p13.31	P50542
ENSG00000079805	DNM2	19p13.2	P50570
ENSG00000159267	HLCS	21q22.13	P50747
ENSG00000198589	LRBA	4q31.3	P50851
ENSG00000131238	PPT1	1p34.2	P50897
ENSG00000018625	ATP1A2	1q23.2	P50993
ENSG00000122359	ANXA11	10q22.3	P50995
ENSG00000075785	RAB7A	3q21.3	P51149
ENSG00000069974	RAB27A	15q21.3	P51159
ENSG00000095464	PDE6C	10q23.33	P51160
ENSG00000168447	SCNN1B	16p12.2	P51168
ENSG00000143365	RORC	1q21.3	P51449
ENSG00000248099	INSL3	19p13.11	P51460
ENSG00000138346	DNA2	10q21.3	P51530
ENSG00000080503	SMARCA2	9p24.3	P51531
ENSG00000127616	SMARCA4	19p13.2	P51532
ENSG00000108479	GALK1	17q25.1	P51570
ENSG00000169057	MECP2	Xq28	P51608
ENSG00000172534	HCFC1	Xq28	P51610
ENSG00000072210	ALDH3A2	17p11.2	P51648
ENSG00000112294	ALDH5A1	6p22.3	P51649
ENSG00000147257	GPC3	Xq26.2	P51654
ENSG00000133835	HSD17B4	5q23.1	P51659
ENSG00000139531	SUOX	12q13.2	P51687
ENSG00000181523	SGSH	17q25.3	P51688
ENSG00000157399	ARSE	Xp22.33	P51690
ENSG00000173757	STAT5B	17q21.2	P51692
ENSG00000053918	KCNQ1	11p15.5	P51787
ENSG00000114859	CLCN2	3q27.1	P51788
ENSG00000171365	CLCN5	Xp11.23	P51795
ENSG00000103249	CLCN7	16p13.3	P51798
ENSG00000186510	CLCNKA	1p36.13	P51800
ENSG00000184908	CLCNKB	1p36.13	P51801
ENSG00000101850	GPR143	Xp22.2	P51810
ENSG00000047597	XK	Xp21.1	P51811
ENSG00000177189	RPS6KA3	Xp22.12	P51812
ENSG00000169297	NR0B1	Xp21.2	P51843
ENSG00000122787	AKR1D1	7q33	P51857
ENSG00000105639	JAK3	19p13.11	P52333
ENSG00000116062	MSH6	2p16.3	P52701
ENSG00000138160	KIF11	10q23.33	P52732
ENSG00000102172	SMS	Xp22.11	P52788
ENSG00000070614	NDST1	5q33.1	P52848
ENSG00000151632	AKR1C2	10p15.1	P52895
ENSG00000183072	NKX2-5	5q35.1	P52952
ENSG00000100075	SLC25A1	22q11.21	P53007
ENSG00000081052	COL4A4	2q36.3	P53420
ENSG00000163541	SUCLG1	2p11.2	P53597
ENSG00000167508	MVD	16q24.2	P53602
ENSG00000122218	COPA	1q23.2	P53621
ENSG00000109861	CTSC	11q14.2	P53634
ENSG00000196431	CRYBA4	22q12.1	P53673
ENSG00000042753	AP2S1	19q13.32	P53680
ENSG00000004961	HCCS	Xp22.2	P53701
ENSG00000077943	ITGA8	10p13	P53708
ENSG00000155380	SLC16A1	1p13.2	P53985
ENSG00000281917	SLC16A1	1p13.2	P53985
ENSG00000140521	POLG	15q26.1	P54098
ENSG00000197299	BLM	15q26.1	P54132
ENSG00000113643	RARS	5q34	P54136
ENSG00000122512	PMS2	7p22.1	P54278
ENSG00000134684	YARS	1p35.1	P54577
ENSG00000137731	FXYD2	11q23.3	P54710
ENSG00000108784	NAGLU	17q21.2	P54802
ENSG00000054983	GALC	14q31.3	P54803
ENSG00000004455	AK2	1p35.1	P54819
ENSG00000116132	PRRX1	1q24.2	P54821
ENSG00000111713	GYS2	12p12.1	P54840
ENSG00000129535	NRL	14q11.2	P54845
ENSG00000285493	NRL	14q11.2	P54845
ENSG00000213853	EMP2	16p13.13	P54851
ENSG00000134240	HMGCS2	1p12	P54868
ENSG00000059573	ALDH18A1	10q24.1	P54886
ENSG00000126233	SLURP1	8q24.3	P55000
ENSG00000070915	SLC12A3	16q13	P55017
ENSG00000161798	AQP5	12q13.12	P55064
ENSG00000165280	VCP	9p13.3	P55072
ENSG00000107831	FGF8	10q24.32	P55075
ENSG00000138029	HADHB	2p23.3	P55084
ENSG00000138823	MTTP	4q23	P55157
ENSG00000156983	BRPF1	3p25.3	P55201
ENSG00000156110	ADK	10q22.2	P55263
ENSG00000160710	ADAR	1q21.3	P55265
ENSG00000172037	LAMB2	3p21.31	P55268
ENSG00000129910	CDH15	16q24.3	P55291
ENSG00000176165	FOXG1	14q12	P55316
ENSG00000105370	LIM2	19q13.41	P55344
ENSG00000198807	PAX9	14q13.3	P55771
ENSG00000127554	GFER	16p13.3	P55789
ENSG00000126945	HNRNPH2	Xq22.1	P55795
ENSG00000083720	OXCT1	5p13.1	P55809
ENSG00000175097	RAG2	11p12	P55895
ENSG00000105880	DLX5	7q21.3	P56178
ENSG00000166986	MARS	12q13.3	P56192
ENSG00000124172	ATP5F1E	20q13.32	P56381
ENSG00000182533	CAV3	3p25.3	P56539
ENSG00000034693	PEX3	6q24.2	P56589
ENSG00000100146	SOX10	22q13.1	P56693
ENSG00000117013	KCNQ4	1p34.2	P56696
ENSG00000162552	WNT4	1p36.12	P56705
ENSG00000104237	RP1	8q12.1	P56715
ENSG00000185808	PIGP	21q22.13	P57054
ENSG00000183421	RIPK4	21q22.3	P57078
ENSG00000121075	TBX4	17q23.2	P57082
ENSG00000179409	GEMIN4	17p13.3	P57678
ENSG00000072840	EVC	4p16.2	P57679
ENSG00000160183	TMPRSS3	21q22.3	P57727
ENSG00000111581	NUP107	12q15	P57740
ENSG00000175544	CABP4	11q13.2	P57796
ENSG00000183770	FOXL2	3q22.3	P58012
ENSG00000119614	VSX2	14q24.3	P58304
ENSG00000163297	ANTXR2	4q21.21	P58335
ENSG00000163646	CLRN1	3q25.1	P58418
ENSG00000187726	DNAJB13	11q13.4	P59910
ENSG00000123560	PLP1	Xq22.2	P60201
ENSG00000171862	PTEN	10q23.31	P60484
ENSG00000075624	ACTB	7p22.1	P60709
ENSG00000147224	PRPS1	Xq22.3	P60891
ENSG00000070831	CDC42	1p36.12	P60953
ENSG00000125952	MAX	14q23.3	P61244
ENSG00000099365	STX1B	16p11.2	P61266
ENSG00000166228	PCBD1	10q22.1	P61457
ENSG00000058262	SEC61A1	3q21.3	P61619
ENSG00000090382	LYZ	12q15	P61626
ENSG00000136854	STXBP1	9q34.11	P61764
ENSG00000166710	B2M	15q21.1	P61769
ENSG00000273686	B2M	15q21.1	P61769
ENSG00000092969	TGFB2	1q41	P61812
ENSG00000119655	NPC2	14q24.3	P61916
ENSG00000213639	PPP1CB	2p23.2	P62140
ENSG00000186468	RPS23	5q14.2	P62266
ENSG00000213741	RPS29	14q21.3	P62273
ENSG00000182004	SNRPE	1q32.1	P62304
ENSG00000107796	ACTA2	10q23.31	P62736
ENSG00000197728	RPS26	12q13.2	P62854
ENSG00000078369	GNB1	1p36.33	P62873
ENSG00000087460	GNAS	20q13.32	P63092
ENSG00000123700	KCNJ2	17q24.3	P63252
ENSG00000184009	ACTG1	17q25.3	P63261
ENSG00000163017	ACTG2	2p13.1	P63267
ENSG00000114854	TNNC1	3p21.1	P63316
ENSG00000159251	ACTC1	15q14	P68032
ENSG00000143632	ACTA1	1q42.13	P68133
ENSG00000127824	TUBA4A	2q35	P68366
ENSG00000101266	CSNK2A1	20p13	P68400
ENSG00000197409	HIST1H3C	6p22.1	P68431
ENSG00000197153	HIST1H3A	6p22.1	P68431
ENSG00000278828	HIST1H3A	6p22.1	P68431
ENSG00000278272	HIST1H3F	6p22.1	P68431
ENSG00000275714	HIST1H3C	6p22.1	P68431
ENSG00000273983	HIST1H3A	6p22.1	P68431
ENSG00000274750	HIST1H3D	6p22.1	P68431
ENSG00000275379	HIST1H3J	6p22.1	P68431
ENSG00000277775	HIST1H3J	6p22.1	P68431
ENSG00000274267	HIST1H3H	6p22.1	P68431
ENSG00000244734	HBB	11p15.4	P68871
ENSG00000196565	HBG2	11p15.4	P69892
ENSG00000087266	SH3BP2	4p16.3	P78314
ENSG00000146733	PSPH	7p11.2	P78330
ENSG00000069011	PITX1	5q31.1	P78337
ENSG00000108797	CNTNAP1	17q21.2	P78357
ENSG00000198691	ABCA4	1p22.1	P78363
ENSG00000134873	CLDN10	13q32.1	P78369
ENSG00000102100	SLC35A2	Xp11.23	P78381
ENSG00000170523	KRT83	12q13.13	P78385
ENSG00000176842	IRX5	16q12.2	P78411
ENSG00000101384	JAG1	20p12.2	P78504
ENSG00000177807	KCNJ10	1q23.2	P78508
ENSG00000189056	RELN	7q22.1	P78509
ENSG00000253729	PRKDC	8q11.21	P78527
ENSG00000169372	CRADD	12q22	P78560
ENSG00000102174	PHEX	Xp22.11	P78562
ENSG00000176387	HSD11B2	16q22.1	P80365
ENSG00000183044	ABAT	16p13.2	P80404
ENSG00000105697	HAMP	19q13.12	P81172
ENSG00000021488	SLC7A9	19q13.11	P82251
ENSG00000134376	CRB1	1q31.3	P82279
ENSG00000175110	MRPS22	3q23	P82650
ENSG00000166949	SMAD3	15q22.33	P84022
ENSG00000121905	HPCA	1p35.1	P84074
ENSG00000132475	H3F3B	1q42.12	P84243
ENSG00000163041	H3F3B	1q42.12	P84243
ENSG00000142798	HSPG2	1p36.12	P98160
ENSG00000008710	PKD1	16p13.3	P98161
ENSG00000081479	LRP2	2q31.1	P98164
ENSG00000090776	EFNB1	Xq13.1	P98172
ENSG00000102302	FGD1	Xp11.22	P98174
ENSG00000017260	ATP2C1	3q22.1	P98194
ENSG00000172115	CYCS	7p15.3	P99999
ENSG00000151224	MAT1A	10q22.3	Q00266
ENSG00000075415	SLC25A3	12q23.1	Q00325
ENSG00000105810	CDK6	7q21.2	Q00534
ENSG00000185129	PURA	5q31.3	Q00577
ENSG00000158169	FANCC	9q22.32	Q00597
ENSG00000124479	NDP	Xp11.3	Q00604
ENSG00000077150	NFKB2	10q24.32	Q00653
ENSG00000196091	MYBPC1	12q23.2	Q00872
ENSG00000135454	B4GALNT1	12q13.3	Q00973
ENSG00000214140	PRCD	17q25.1	Q00LT1
ENSG00000160201	U2AF1	21q22.3	Q01081
ENSG00000159216	RUNX1	21q22.12	Q01196
ENSG00000133805	AMPD3	11p15.4	Q01432
ENSG00000116337	AMPD2	1p13.3	Q01433
ENSG00000109099	PMP22	17p12	Q01453
ENSG00000145362	ANK2	4q26	Q01484
ENSG00000151702	FLI1	11q24.3	Q01543
ENSG00000157388	CACNA1D	3p21.1	Q01668
ENSG00000185231	MC2R	18p11.21	Q01718
ENSG00000258839	MC1R	16q24.3	Q01726
ENSG00000154767	XPC	3p25.1	Q01831
ENSG00000169031	COL4A3	2q36.3	Q01955
ENSG00000142319	SLC6A3	5p15.33	Q01959
ENSG00000276996	SLC6A3	5p15.33	Q01959
ENSG00000122126	OCRL	Xq26.1	Q01968
ENSG00000169071	ROR2	9q22.31	Q01974
ENSG00000112077	RHAG	6p12.3	Q02094
ENSG00000102967	DHODH	16q22.2	Q02127
ENSG00000138778	CENPE	4q24	Q02224
ENSG00000119711	ALDH6A1	14q24.3	Q02252
ENSG00000135929	CYP27A1	2q35	Q02318
ENSG00000114270	COL7A1	3p21.31	Q02388
ENSG00000134755	DSC2	18q12.1	Q02487
ENSG00000196092	PAX5	9p13.2	Q02548
ENSG00000140968	IRF8	16q24.1	Q02556
ENSG00000106128	GHRHR	7p14.3	Q02643
ENSG00000169032	MAP2K1	15q22.31	Q02750
ENSG00000120156	TEK	9p21.2	Q02763
ENSG00000083444	PLOD1	1p36.22	Q02809
ENSG00000132518	GUCY2D	17p13.1	Q02846
ENSG00000075891	PAX2	10q24.31	Q02962
ENSG00000085276	MECOM	3q26.2	Q03112
ENSG00000243989	ACY1	3p21.2	Q03154
ENSG00000176619	LMNB2	19p13.3	Q03252
ENSG00000150787	PTS	11q23.1	Q03393
ENSG00000110921	MVK	12q24.11	Q03426
ENSG00000160801	PTH1R	3p21.31	Q03431
ENSG00000225830	ERCC6	10q11.23	Q03468
ENSG00000123500	COL10A1	6q22.1	Q03692
ENSG00000114480	GBE1	3p12.2	Q04446
ENSG00000114867	EIF4G1	3q27.1	Q04637
ENSG00000165240	ATP7A	Xq21.1	Q04656
ENSG00000104044	OCA2	15q13.1	Q04671
ENSG00000128422	KRT17	17q21.2	Q04695
ENSG00000134250	NOTCH2	1p12	Q04721
ENSG00000115170	ACVR1	2q24.1	Q04771
ENSG00000108556	CHRNE	17p13.2	Q04844
ENSG00000164078	MST1R	3p21.31	Q04912
ENSG00000184895	SRY	Yp11.2	Q05066
ENSG00000114062	UBE3A	15q11.2	Q05086
ENSG00000106976	DNM1	9q34.11	Q05193
ENSG00000109906	ZBTB16	11q23.2	Q05516
ENSG00000176884	GRIN1	9q34.3	Q05586
ENSG00000179295	PTPN11	12q24.13	Q06124
ENSG00000119537	KDSR	18q21.33	Q06136
ENSG00000010671	BTK	Xq22.1	Q06187
ENSG00000198380	GFPT1	2p13.3	Q06210
ENSG00000131183	SLC34A1	5q35.3	Q06495
ENSG00000051180	RAD51	15q15.1	Q06609
ENSG00000125618	PAX8	2q14.1	Q06710
ENSG00000102081	FMR1	Xq27.3	Q06787
ENSG00000135902	CHRND	2q37.1	Q07001
ENSG00000108561	C1QBP	17p13.2	Q07021
ENSG00000105711	SCN1B	19q13.11	Q07699
ENSG00000138079	SLC3A1	2p21	Q07837
ENSG00000177084	POLE	12q24.33	Q07864
ENSG00000115904	SOS1	2p22.1	Q07889
ENSG00000100485	SOS2	14q21.3	Q07890
ENSG00000123384	LRP1	12q13.3	Q07954
ENSG00000019186	CYP24A1	20q13.2	Q07973
ENSG00000165995	CACNB2	10p12.31	Q08289
ENSG00000168575	SLC20A2	8p11.21	Q08357
ENSG00000113790	EHHADH	3q27.2	Q08426
ENSG00000113448	PDE4D	5q11.2	Q08499
ENSG00000113263	ITK	5q33.3	Q08881
ENSG00000103043	VAC14	16q22.1	Q08AM6
ENSG00000037474	NSUN2	5p15.31	Q08J23
ENSG00000006071	ABCC8	11p15.1	Q09428
ENSG00000111262	KCNA1	12p13.32	Q09470
ENSG00000172548	NIPAL4	5q33.3	Q0D2K0
ENSG00000162614	NEXN	1p31.1	Q0ZGT2
ENSG00000204311	PJVK	2q31.2	Q0ZLH3
ENSG00000168282	MGAT2	14q21.3	Q10469
ENSG00000165688	PMPCA	9q34.3	Q10713
ENSG00000126091	ST3GAL3	1p34.1	Q11203
ENSG00000130294	KIF1A	2q37.3	Q12756
ENSG00000164961	WASHC5	8q24.13	Q12768
ENSG00000156113	KCNMA1	10q22.3	Q12791
ENSG00000114378	HYAL1	3p21.31	Q12794
ENSG00000115380	EFEMP1	2p16.1	Q12805
ENSG00000055118	KCNH2	7q36.1	Q12809
ENSG00000275837	SMARCB1	22q11.23	Q12824
ENSG00000099956	SMARCB1	22q11.23	Q12824
ENSG00000155980	KIF5A	12q13.3	Q12840
ENSG00000153208	MERTK	2q13	Q12866
ENSG00000183454	GRIN2A	16p13.2	Q12879
ENSG00000006695	COX10	17p12	Q12887
ENSG00000125255	SLC10A2	13q33.1	Q12908
ENSG00000103241	FOXF1	16q24.1	Q12946
ENSG00000054598	FOXC1	6p25.3	Q12948
ENSG00000157483	MYO1E	15q22.2	Q12965
ENSG00000103148	NPRL3	16p13.3	Q12980
ENSG00000169271	HSPB3	5q11.2	Q12988
ENSG00000119401	TRIM32	9q33.1	Q13049
ENSG00000186439	TRDN	6q22.31	Q13061
ENSG00000179455	MKRN3	15q11.2	Q13064
ENSG00000146070	PLA2G7	6p12.3	Q13093
ENSG00000131323	TRAF3	14q32.32	Q13114
ENSG00000084093	REST	4q12	Q13127
ENSG00000145191	EIF2B5	3q27.1	Q13144
ENSG00000120948	TARDBP	1p36.22	Q13148
ENSG00000168040	FADD	11q13.3	Q13158
ENSG00000049167	ERCC8	5q12.1	Q13216
ENSG00000273079	GRIN2B	12p13.1	Q13224
ENSG00000095015	MAP3K1	5q11.2	Q13233
ENSG00000183691	NOG	17q22	Q13253
ENSG00000136931	NR5A1	9q33.3	Q13285
ENSG00000188603	CLN3	16p12.1	Q13286
ENSG00000149311	ATM	11q22.3	Q13315
ENSG00000102683	SGCG	13q12.12	Q13326
ENSG00000105610	KLF1	19p13.13	Q13351
ENSG00000197614	MFAP5	12p13.31	Q13361
ENSG00000159692	CTBP1	4p16.3	Q13363
ENSG00000075651	PLD1	3q26.31	Q13393
ENSG00000137474	MYO7A	11q13.5	Q13402
ENSG00000085840	ORC1	1p32.3	Q13415
ENSG00000185811	IKZF1	7p12.2	Q13422
ENSG00000112992	NNT	5p12	Q13423
ENSG00000101400	SNTA1	20q11.21	Q13424
ENSG00000152422	XRCC4	5q14.2	Q13426
ENSG00000109103	UNC119	17q11.2	Q13432
ENSG00000186790	FOXE3	1p33	Q13461
ENSG00000141646	SMAD4	18q21.2	Q13485
ENSG00000110719	TCIRG1	11q13.2	Q13488
ENSG00000171100	MTM1	Xq28	Q13496
ENSG00000161011	SQSTM1	5q35.3	Q13501
ENSG00000258947	TUBB3	16q24.3	Q13509
ENSG00000104763	ASAH1	8p22	Q13510
ENSG00000170819	BFSP2	3q22.1	Q13515
ENSG00000175054	ATR	3q23	Q13535
ENSG00000162992	NEUROD1	2q31.3	Q13562
ENSG00000118762	PKD2	4q22.1	Q13563
ENSG00000167323	STIM1	11p15.4	Q13586
ENSG00000124587	PEX6	6p21.1	Q13608
ENSG00000036257	CUL3	2q36.2	Q13618
ENSG00000158290	CUL4B	Xq24	Q13620
ENSG00000074803	SLC12A1	15q21.1	Q13621
ENSG00000185920	PTCH1	9q22.32	Q13635
ENSG00000022267	FHL1	Xq26.3	Q13642
ENSG00000110324	IL10RA	11q23.3	Q13651
ENSG00000081248	CACNA1S	1q32.1	Q13698
ENSG00000165917	RAPSN	11p11.2	Q13702
ENSG00000114739	ACVR2B	3p22.2	Q13705
ENSG00000115275	MOGS	2p13.1	Q13724
ENSG00000196878	LAMB3	1q32.2	Q13751
ENSG00000148090	AUH	9q22.31	Q13825
ENSG00000204217	BMPR2	2q33.1	Q13873
ENSG00000137267	TUBB2A	6p25.2	Q13885
ENSG00000124813	RUNX2	6p21.1	Q13950
ENSG00000185532	PRKG1	10q21.1	Q13976
ENSG00000131398	KCNC3	19q13.33	Q14003
ENSG00000065883	CDK13	7p14.1	Q14004
ENSG00000070729	CNGB1	16q21	Q14028
ENSG00000197565	COL4A6	Xq22.3	Q14031
ENSG00000136881	BAAT	9q31.1	Q14032
ENSG00000276559	BAAT	9q31.1	Q14032
ENSG00000092758	COL9A3	20q13.33	Q14050
ENSG00000049089	COL9A2	1p34.2	Q14055
ENSG00000138760	SCARB2	4q21.1	Q14108
ENSG00000147647	DPYS	8q22.3	Q14117
ENSG00000173402	DAG1	3p21.31	Q14118
ENSG00000046604	DSG2	18q12.1	Q14126
ENSG00000165392	WRN	8p12	Q14191
ENSG00000204843	DCTN1	2p13.1	Q14203
ENSG00000197102	DYNC1H1	14q32.31	Q14204
ENSG00000111361	EIF2B1	12q24.31	Q14232
ENSG00000128591	FLNC	7q32.1	Q14315
ENSG00000130005	GAMT	19p13.3	Q14353
ENSG00000117308	GALE	1p36.11	Q14376
ENSG00000172572	PDE3A	12p12.2	Q14432
ENSG00000100564	PIGH	14q24.1	Q14442
ENSG00000148702	HABP2	10q25.3	Q14520
ENSG00000183873	SCN5A	3p22.2	Q14524
ENSG00000205426	KRT81	12q13.13	Q14533
ENSG00000075213	SEMA3A	7q21.11	Q14563
ENSG00000123104	ITPR2	12p11.23	Q14571
ENSG00000163501	IHH	2q35	Q14623
ENSG00000137070	IL11RA	9p13.3	Q14626
ENSG00000150995	ITPR1	3p26.1	Q14643
ENSG00000126456	IRF3	19q13.33	Q14653
ENSG00000153827	TRIP12	2q36.3	Q14669
ENSG00000134644	PUM1	1p35.2	Q14671
ENSG00000072501	SMC1A	Xp11.22	Q14683
ENSG00000101003	GINS1	20p11.21	Q14691
ENSG00000165733	BMS1	10q11.21	Q14692
ENSG00000089597	GANAB	11q12.3	Q14697
ENSG00000158445	KCNB1	20q13.13	Q14721
ENSG00000112640	PPP2R5D	6p21.1	Q14738
ENSG00000143815	LBR	1q42.12	Q14739
ENSG00000135775	COG2	1q42.2	Q14746
ENSG00000124713	GNMT	6p21.1	Q14749
ENSG00000119681	LTBP2	14q24.3	Q14767
ENSG00000173894	CBX2	17q25.3	Q14781
ENSG00000079616	KIF22	16p11.2	Q14807
ENSG00000103316	CRYM	16p12.2	Q14894
ENSG00000283922	CRYM	16p12.2	Q14894
ENSG00000134571	MYBPC3	11p11.2	Q14896
ENSG00000008441	NFIX	19p13.13	Q14938
ENSG00000044090	CUL7	6p21.1	Q14999
ENSG00000169933	FRMPD4	Xp22.2	Q14CM0
ENSG00000165478	HEPACAM	11q24.2	Q14CZ8
ENSG00000108883	EFTUD2	17q21.31	Q15029
ENSG00000011376	LARS2	3p21.31	Q15031
ENSG00000104635	SLC39A14	8p21.3	Q15043
ENSG00000065427	KARS	16q23.1	Q15046
ENSG00000100427	MLC1	22q13.33	Q15049
ENSG00000118193	KIF14	1q32.1	Q15058
ENSG00000100365	NCF4	22q12.3	Q15080
ENSG00000067992	PDK3	Xp22.11	Q15120
ENSG00000147155	EBP	Xp11.23	Q15125
ENSG00000184304	PRKD1	14q12	Q15139
ENSG00000101333	PLCB4	20p12.2	Q15147
ENSG00000178209	PLEC	8q24.3	Q15149
ENSG00000104213	PDGFRL	8p22	Q15198
ENSG00000178568	ERBB4	2q34	Q15303
ENSG00000091010	POU4F3	5q32	Q15319
ENSG00000116133	DHCR24	1p32.3	Q15392
ENSG00000101310	SEC23B	20p11.23	Q15437
ENSG00000164690	SHH	7q36.3	Q15465
ENSG00000123473	STIL	1p33	Q15468
ENSG00000126778	SIX1	14q23.1	Q15475
ENSG00000204351	SKIV2L	6p21.33	Q15477
ENSG00000225737	SKIV2L	6p21.33	Q15477
ENSG00000148290	SURF1	9q34.2	Q15526
ENSG00000280627	SURF1	9q34.2	Q15526
ENSG00000197780	TAF13	1p13.3	Q15543
ENSG00000166974	MAPRE2	18q12.1	Q15555
ENSG00000120708	TGFBI	5q31.1	Q15582
ENSG00000177426	TGIF1	18p11.31	Q15583
ENSG00000122691	TWIST1	7p21.1	Q15672
ENSG00000147383	NSDHL	Xq28	Q15738
ENSG00000065534	MYLK	3q21.1	Q15746
ENSG00000103657	HERC1	15q22.31	Q15751
ENSG00000072195	SPEG	2q35	Q15772
ENSG00000052802	MSMO1	4q32.3	Q15800
ENSG00000284770	TBCE	1q42.3	Q15813
ENSG00000120903	CHRNA2	8p21.2	Q15822
ENSG00000118046	STK11	19p13.3	Q15831
ENSG00000076944	STXBP2	19p13.2	Q15833
ENSG00000185974	GRK1	13q34	Q15835
ENSG00000121361	KCNJ8	12p12.1	Q15842
ENSG00000181092	ADIPOQ	3q27.3	Q15848
ENSG00000169432	SCN9A	2q24.3	Q15858
ENSG00000071553	ATP6AP1	Xq28	Q15904
ENSG00000106462	EZH2	7q36.1	Q15910
ENSG00000171503	ETFDH	4q32.1	Q16134
ENSG00000116044	NFE2L2	2q31.2	Q16236
ENSG00000144191	CNGA3	2q11.2	Q16281
ENSG00000182197	EXT1	8q24.11	Q16394
ENSG00000116745	RPE65	1p31.3	Q16518
ENSG00000163069	SGCB	4q12	Q16585
ENSG00000108823	SGCA	17q21.33	Q16586
ENSG00000165060	FXN	9q21.11	Q16595
ENSG00000143369	ECM1	1q21.2	Q16610
ENSG00000148053	NTRK2	9q21.33	Q16620
ENSG00000197822	OCLN	5q13.2	Q16625
ENSG00000102125	TAZ	Xq28	Q16635
ENSG00000172062	SMN1	5q13.2	Q16637
ENSG00000205571	SMN2	5q13.2	Q16637
ENSG00000273772	SMN1	5q13.2	Q16637
ENSG00000277773	SMN1	5q13.2	Q16637
ENSG00000275349	SMN2	5q13.2	Q16637
ENSG00000114738	MAPKAPK3	3p21.2	Q16644
ENSG00000204655	MOG	6p22.1	Q16653
ENSG00000100526	CDKN3	14q22.2	Q16667
ENSG00000135409	AMHR2	12q13.13	Q16671
ENSG00000138061	CYP1B1	2p22.2	Q16678
ENSG00000115919	KYNU	2q22.2	Q16719
ENSG00000067842	ATP2B3	Xq28	Q16720
ENSG00000125656	CLPP	19p13.3	Q16740
ENSG00000139180	NDUFA9	12p13.32	Q16795
ENSG00000139318	DUSP6	12q21.33	Q16828
ENSG00000162733	DDR2	1q23.3	Q16832
ENSG00000138796	HADH	4q25	Q16836
ENSG00000114956	DGUOK	2p13.1	Q16854
ENSG00000175920	DOK7	4p16.3	Q18PE1
ENSG00000203485	INF2	14q32.33	Q27J81
ENSG00000101282	RSPO4	20p13	Q2I0M5
ENSG00000138688	KIAA1109	4q27	Q2LD37
ENSG00000102935	ZNF423	16q12.1	Q2M1K9
ENSG00000166813	KIF7	15q26.1	Q2M1P5
ENSG00000136051	WASHC4	12q23.3	Q2M389
ENSG00000178971	CTC1	17p13.1	Q2NKJ3
ENSG00000253710	ALG11	13q14.3	Q2TAA5
ENSG00000157119	KLHL40	3p22.1	Q2TBA0
ENSG00000213892	CEACAM16	19q13.32	Q2WEN9
ENSG00000163945	UVSSA	4p16.3	Q2YD98
ENSG00000010704	HFE	6p22.2	Q30201
ENSG00000156170	NDUFAF6	8q22.1	Q330K2
ENSG00000255072	PIGY	4q22.1	Q3MUY2
ENSG00000183423	LRIT3	4q25	Q3SXY7
ENSG00000169379	ARL13B	3q11.2	Q3SXY8
ENSG00000139648	KRT71	12q13.13	Q3SY84
ENSG00000122507	BBS9	7p14.3	Q3SYG4
ENSG00000111670	GNPTAB	12q23.2	Q3T906
ENSG00000261456	TUBB8	10p15.3	Q3ZCM7
ENSG00000105197	TIMM50	19q13.2	Q3ZCQ8
ENSG00000186335	SLC36A2	5q33.1	Q495M3
ENSG00000182040	USH1G	17q25.1	Q495M9
ENSG00000188452	CERKL	2q31.3	Q49MI3
ENSG00000168014	C2CD3	11q13.4	Q4AC94
ENSG00000176715	ACSF3	16q24.3	Q4G176
ENSG00000064309	CDON	11q24.2	Q4KMG0
ENSG00000119661	DNAL1	14q24.3	Q4LDG9
ENSG00000168658	VWA3B	2q11.2	Q502W6
ENSG00000149196	HIKESHI	11q14.2	Q53FT3
ENSG00000119392	GLE1	9q34.11	Q53GS7
ENSG00000163170	BOLA3	2p13.1	Q53S33
ENSG00000167716	WDR81	17p13.3	Q562E7
ENSG00000171320	ESCO2	8p21.1	Q56NI9
ENSG00000116783	TNNI3K	1p31.1	Q59H18
ENSG00000168724	DNAJC21	5p13.2	Q5F1R6
ENSG00000129810	SGO1	3p24.3	Q5FBB7
ENSG00000174227	PIGG	4p16.3	Q5H8A4
ENSG00000164946	FREM1	9p22.3	Q5H8C1
ENSG00000164953	TMEM67	8q22.1	Q5HYA8
ENSG00000205678	TECRL	4q13.1	Q5HYJ1
ENSG00000148204	CRB2	9q33.3	Q5IJ48
ENSG00000103356	EARS2	16p12.2	Q5JPH6
ENSG00000124608	AARS2	6p21.1	Q5JTZ9
ENSG00000124313	IQSEC2	Xp11.22	Q5JU85
ENSG00000165643	SOHLH1	9q34.3	Q5JUK2
ENSG00000107147	KCNT1	9q34.3	Q5JUK3
ENSG00000096093	EFHC1	6p12.2	Q5JVL4
ENSG00000205413	SAMD9	7q21.2	Q5K651
ENSG00000188906	LRRK2	12q12	Q5S007
ENSG00000148704	VAX1	10q25.3	Q5SQQ9
ENSG00000137411	VARS2	6p21.33	Q5ST30
ENSG00000205090	TMEM240	1p36.33	Q5SV17
ENSG00000198198	SZT2	1p34.2	Q5T011
ENSG00000188107	EYS	6q12	Q5T1H1
ENSG00000118197	DDX59	1q32.1	Q5T1V6
ENSG00000148459	PDSS1	10p12.1	Q5T2R2
ENSG00000198835	GJC2	1q42.13	Q5T442
ENSG00000130023	ERMARD	6q27	Q5T6L9
ENSG00000276187	ERMARD	6q27	Q5T6L9
ENSG00000132716	DCAF8	1q23.2	Q5TAQ9
ENSG00000136104	RNASEH2B	13q14.3	Q5TBB1
ENSG00000111834	RSPH4A	6q22.1	Q5TD94
ENSG00000101247	NDUFAF5	20p12.1	Q5TEU4
ENSG00000186687	LYRM7	5q23.3	Q5U5X0
ENSG00000141252	VPS53	17p13.3	Q5VIR6
ENSG00000283883	VPS53	17p13.3	Q5VIR6
ENSG00000197256	KANK2	19p13.2	Q63ZY3
ENSG00000085978	ATG16L1	2q37.1	Q676U5
ENSG00000281089	ATG16L1	2q37.1	Q676U5
ENSG00000103494	RPGRIP1L	16q12.2	Q68CZ1
ENSG00000165138	ANKS6	9q22.33	Q68DC2
ENSG00000174358	SLC6A19	5p15.33	Q695T7
ENSG00000119685	TTLL5	14q24.3	Q6EMB2
ENSG00000134759	ELP2	18q12.2	Q6IA86
ENSG00000083307	GRHL2	8q22.3	Q6ISB3
ENSG00000161594	KLHL10	17q21.2	Q6JEL2
ENSG00000164190	NIPBL	5p13.2	Q6KC79
ENSG00000156466	GDF6	8q22.1	Q6KF10
ENSG00000149256	TENM4	11q14.1	Q6N022
ENSG00000171954	CYP4F22	19p13.12	Q6NT55
ENSG00000119977	TCTN3	10q24.1	Q6NUS6
ENSG00000198130	HIBCH	2q32.2	Q6NVY1
ENSG00000129696	TTI2	8p12	Q6NXR4
ENSG00000169762	TAPT1	4p15.32	Q6NXT6
ENSG00000134371	CDC73	1q31.2	Q6P1J9
ENSG00000167114	SLC27A4	9q34.11	Q6P1M0
ENSG00000064313	TAF2	8q24.12	Q6P1X5
ENSG00000174231	PRPF8	17p13.3	Q6P2Q9
ENSG00000274442	PRPF8	17p13.3	Q6P2Q9
ENSG00000158158	CNNM4	2q11.2	Q6P4Q7
ENSG00000147804	SLC39A4	8q24.3	Q6P5W5
ENSG00000198677	TTC37	5q15	Q6PGP7
ENSG00000009765	IYD	6q25.1	Q6PHW0
ENSG00000117593	DARS2	1q25.1	Q6PI48
ENSG00000145868	FBXO38	5q32	Q6PIJ6
ENSG00000129667	RHBDF2	17q25.1	Q6PJF5
ENSG00000276469	GPR179	17q12	Q6PRD1
ENSG00000165288	BRWD3	Xq21.1	Q6RI45
ENSG00000189057	FAM111B	11q12.1	Q6SJ93
ENSG00000276747	PADI6	1p36.13	Q6TGC4
ENSG00000280949	PADI6	1p36.13	Q6TGC4
ENSG00000156876	SASS6	1p21.2	Q6UVJ0
ENSG00000204922	UQCC3	11q12.3	Q6UW78
ENSG00000148356	LRSAM1	9q34.11	Q6UWE0
ENSG00000183287	CCBE1	18q21.32	Q6UXH8
ENSG00000196159	FAT4	4q28.1	Q6V0I7
ENSG00000187566	NHLRC1	6p22.3	Q6VVB1
ENSG00000175115	PACS1	11q13.2	Q6VY07
ENSG00000183337	BCOR	Xp11.4	Q6W2J9
ENSG00000165802	NSMF	9q34.3	Q6X4W1
ENSG00000196660	SLC30A10	1q41	Q6XR72
ENSG00000133059	DSTYK	1q32.1	Q6XUX3
ENSG00000204120	GIGYF2	2q37.1	Q6Y7W6
ENSG00000139540	SLC39A5	12q13.3	Q6ZMH5
ENSG00000186417	GLDN	15q21.2	Q6ZMI3
ENSG00000160796	NBEAL2	3p21.31	Q6ZNJ1
ENSG00000188162	OTOG	11p15.1	Q6ZRI0
ENSG00000165694	FRMD7	Xq26.2	Q6ZUT3
ENSG00000165730	STOX1	10q22.1	Q6ZVD7
ENSG00000168509	HJV	1q21.1	Q6ZVN8
ENSG00000181004	BBS12	4q27	Q6ZW61
ENSG00000145476	CYP4V2	4q35.1	Q6ZWL3
ENSG00000272047	GTF2H5	6q25.3	Q6ZYL4
ENSG00000129003	VPS13C	15q22.2	Q709C8
ENSG00000144741	SLC25A26	3p14.1	Q70HW3
ENSG00000282739	SLC25A26	3p14.1	Q70HW3
ENSG00000123066	MED13L	12q24.21	Q71F56
ENSG00000104973	MED25	19q13.33	Q71SY5
ENSG00000167552	TUBA1A	12q13.12	Q71U36
ENSG00000171714	ANO5	11p14.3	Q75V66
ENSG00000160323	ADAMTS13	9q34.2	Q76LX8
ENSG00000281244	ADAMTS13	9q34.2	Q76LX8
ENSG00000014919	COX15	10q24.2	Q7KZN9
ENSG00000174173	TRMT10C	3q12.3	Q7L0Y3
ENSG00000132153	DHX30	3p21.31	Q7L2E3
ENSG00000103089	FA2H	16q23.1	Q7L5A8
ENSG00000068831	RASGRP2	11q13.1	Q7LDG7
ENSG00000048392	RRM2B	8q22.3	Q7LG56
ENSG00000122863	CHST3	10q22.1	Q7LGC8
ENSG00000170113	NIPA1	15q11.2	Q7RTP0
ENSG00000170484	KRT74	12q13.13	Q7RTS7
ENSG00000205899	BHLHA9	17p13.3	Q7RTU4
ENSG00000137074	APTX	9p21.1	Q7Z2E3
ENSG00000107290	SETX	9q34.13	Q7Z333
ENSG00000168538	TRAPPC11	4q35.1	Q7Z392
ENSG00000135931	ARMC9	2q37.1	Q7Z3E5
ENSG00000151148	UBE3B	12q24.11	Q7Z3V4
ENSG00000204897	KRT25	17q21.2	Q7Z3Z0
ENSG00000105357	MYH14	19q13.33	Q7Z406
ENSG00000215193	PEX26	22q11.21	Q7Z412
ENSG00000155016	CYP2U1	4q25	Q7Z449
ENSG00000113971	NPHP3	3q22.1	Q7Z494
ENSG00000072163	LIMS2	2q14.3	Q7Z4I7
ENSG00000123607	TTC21B	2q24.3	Q7Z4L5
ENSG00000134160	TRPM1	15q13.3	Q7Z4N2
ENSG00000139116	KIF21A	12q12	Q7Z4S6
ENSG00000166068	SPRED1	15q14	Q7Z699
ENSG00000196935	SRGAP1	12q14.2	Q7Z6B7
ENSG00000167371	PRRT2	16p11.2	Q7Z6L0
ENSG00000086758	HUWE1	Xp11.22	Q7Z6Z7
ENSG00000277161	PIGW	17q12	Q7Z7B1
ENSG00000275600	PIGW	17q12	Q7Z7B1
ENSG00000132549	VPS13B	8q22.2	Q7Z7G8
ENSG00000105429	MEGF8	19q13.2	Q7Z7M0
ENSG00000160602	NEK8	17q11.2	Q86SG6
ENSG00000112414	ADGRG6	6q24.2	Q86SQ4
ENSG00000117682	DHDDS	1p36.11	Q86SQ9
ENSG00000145103	ILDR1	3q13.33	Q86SU0
ENSG00000182512	GLRX5	14q32.13	Q86SX6
ENSG00000138347	MYPN	10q21.3	Q86TC9
ENSG00000197859	ADAMTSL2	9q34.2	Q86TH1
ENSG00000143363	PRUNE1	1q21.3	Q86TP1
ENSG00000165898	ISCA2	14q24.3	Q86U28
ENSG00000146872	TLK2	17q23.2	Q86UE8
ENSG00000144452	ABCA12	2q35	Q86UK0
ENSG00000173040	EVC2	4p16.2	Q86UK5
ENSG00000079841	RIMS1	6q13	Q86UR5
ENSG00000176225	RTTN	18q22.2	Q86VV8
ENSG00000184584	TMEM173	5q31.2	Q86WV6
ENSG00000183513	COA5	2q11.2	Q86WW8
ENSG00000129295	LRRC6	8q24.22	Q86X45
ENSG00000131873	CHSY1	15q26.3	Q86X52
ENSG00000241935	HOGA1	10q24.2	Q86XE5
ENSG00000176915	ANKLE2	12q24.33	Q86XL3
ENSG00000103489	XYLT1	16p12.3	Q86Y38
ENSG00000285395	XYLT1	16p12.3	Q86Y38
ENSG00000164818	DNAAF5	7p22.3	Q86Y56
ENSG00000083093	PALB2	16p12.2	Q86YC2
ENSG00000141485	SLC13A5	17p13.1	Q86YT5
ENSG00000101752	MIB1	18q11.2	Q86YT6
ENSG00000139151	PLCZ1	12p12.3	Q86YW0
ENSG00000185002	RFX6	6q22.1	Q8HWS3
ENSG00000187045	TMPRSS6	22q12.3	Q8IU80
ENSG00000127666	TICAM1	19p13.3	Q8IUC6
ENSG00000181481	RNF135	17q11.2	Q8IUD6
ENSG00000175309	PHYKPL	5q35.3	Q8IUZ5
ENSG00000105223	PLD3	19q13.2	Q8IV08
ENSG00000179630	LACC1	13q14.11	Q8IV20
ENSG00000177409	SAMD9L	7q21.2	Q8IVG5
ENSG00000151611	MMAA	4q31.21	Q8IVH4
ENSG00000168237	GLYCTK	3p21.2	Q8IVS8
ENSG00000167131	CCDC103	17q21.31	Q8IW40
ENSG00000183638	RP1L1	8p23.1	Q8IWN7
ENSG00000156531	PHF6	Xq26.2	Q8IWS0
ENSG00000177098	SCN4B	11q23.3	Q8IWT1
ENSG00000159459	UBR1	15q15.2	Q8IWV7
ENSG00000141161	UNC45B	17q12	Q8IWX7
ENSG00000140326	CDAN1	15q15.2	Q8IWY9
ENSG00000138686	BBS7	4q27	Q8IWZ6
ENSG00000119514	GALNT12	9q22.33	Q8IXK2
ENSG00000177706	FAM20C	7p22.3	Q8IXL6
ENSG00000174099	MSRB3	12q14.3	Q8IXL7
ENSG00000122550	KLHL7	7p15.3	Q8IXQ5
ENSG00000032444	PNPLA6	19p13.2	Q8IY17
ENSG00000144535	DIS3L2	2q37.1	Q8IYB7
ENSG00000140623	12-Sep	16p13.3	Q8IYM1
ENSG00000158163	DZIP1L	3q22.3	Q8IYY4
ENSG00000102452	NALCN	13q33.1	Q8IZF0
ENSG00000154856	APCDD1	18p11.22	Q8J025
ENSG00000111846	GCNT2	6p24.2	Q8N0V5
ENSG00000285222	GCNT2	6p24.2	Q8N0V5
ENSG00000133104	SPART	13q13.3	Q8N0X7
ENSG00000179774	ATOH7	10q21.3	Q8N100
ENSG00000154485	MMP21	10q26.2	Q8N119
ENSG00000198569	SLC34A3	9q34.3	Q8N130
ENSG00000153902	LGI4	19q13.12	Q8N135
ENSG00000135541	AHI1	6q23.3	Q8N157
ENSG00000161653	NAGS	17q21.31	Q8N159
ENSG00000177045	SIX5	19q13.32	Q8N196
ENSG00000102900	NUP93	16q13	Q8N1F7
ENSG00000144406	UNC80	2q34	Q8N2C7
ENSG00000090006	LTBP4	19q13.2	Q8N2S1
ENSG00000164252	AGGF1	5q13.3	Q8N302
ENSG00000152642	GPD1L	3p22.3	Q8N335
ENSG00000163093	BBS5	2q31.1	Q8N3I7
ENSG00000151806	GUF1	4p12	Q8N442
ENSG00000180902	D2HGDH	2q37.3	Q8N465
ENSG00000127838	PNKD	2q35	Q8N490
ENSG00000100503	NIN	14q22.1	Q8N4C6
ENSG00000165078	CPA6	8q13.2	Q8N4T0
ENSG00000244045	TMEM199	17q11.2	Q8N511
ENSG00000171953	ATPAF2	17p11.2	Q8N5M1
ENSG00000171135	JAGN1	3p25.3	Q8N5M9
ENSG00000100379	KCTD17	22q12.3	Q8N5Z5
ENSG00000099949	LZTR1	22q11.21	Q8N653
ENSG00000147255	IGSF1	Xq26.1	Q8N6C5
ENSG00000164007	CLDN19	1p34.2	Q8N6F1
ENSG00000155100	OTUD6B	8q21.3	Q8N6M0
ENSG00000127463	EMC1	1p36.13	Q8N766
ENSG00000163795	ZNF513	2p23.3	Q8N8E2
ENSG00000164619	BMPER	7p14.3	Q8N8U9
ENSG00000168944	CEP120	5q23.2	Q8N960
ENSG00000143858	SYT2	1q32.1	Q8N9I0
ENSG00000167646	DNAAF3	19q13.42	Q8N9W5
ENSG00000144647	POMGNT2	3p22.1	Q8NAT1
ENSG00000175707	KDF1	1p36.11	Q8NAX2
ENSG00000143469	SYT14	1q32.2	Q8NB59
ENSG00000145375	SPATA5	4q28.1	Q8NB90
ENSG00000144455	SUMF1	3p26.1	Q8NBK3
ENSG00000163389	POGLUT1	3q13.33	Q8NBL1
ENSG00000169174	PCSK9	1p32.3	Q8NBP7
ENSG00000088836	SLC4A11	20p13	Q8NBS3
ENSG00000164087	POC1A	3p21.2	Q8NBT0
ENSG00000161904	LEMD2	6p21.31	Q8NC56
ENSG00000163719	MTMR14	3p25.3	Q8NCE2
ENSG00000169105	CHST14	15q15.1	Q8NCH0
ENSG00000187240	DYNC2H1	11q22.3	Q8NCM8
ENSG00000162885	B3GALNT2	1q42.3	Q8NCR0
ENSG00000282880	B3GALNT2	1q42.3	Q8NCR0
ENSG00000163382	NAXE	1q22	Q8NCW5
ENSG00000084693	AGBL5	2p23.3	Q8NDL9
ENSG00000197748	CFAP43	10q25.1	Q8NDM7
ENSG00000136144	RCBTB1	13q14.2	Q8NDN9
ENSG00000179520	SLC17A8	12q23.1	Q8NDX2
ENSG00000147316	MCPH1	8p23.1	Q8NEM0
ENSG00000285262	MCPH1	8p23.1	Q8NEM0
ENSG00000154099	DNAAF1	16q24.1	Q8NEP3
ENSG00000106003	LFNG	7p22.3	Q8NES3
ENSG00000167723	TRPV3	17p13.2	Q8NET8
ENSG00000181585	TMIE	3p21.31	Q8NEW7
ENSG00000170426	SDR9C7	12q13.3	Q8NEX9
ENSG00000157796	WDR19	4p14	Q8NEZ3
ENSG00000131018	SYNE1	6q25.2	Q8NF91
ENSG00000140090	SLC24A4	14q32.12	Q8NFF2
ENSG00000160688	FLAD1	1q21.3	Q8NFF5
ENSG00000154803	FLCN	17p11.2	Q8NFG4
ENSG00000101292	PROKR2	20p12.3	Q8NFJ6
ENSG00000174483	BBS1	11q13.2	Q8NFJ9
ENSG00000144730	IL17RD	3p14.3	Q8NFM7
ENSG00000137812	KNL1	15q15.1	Q8NG31
ENSG00000164073	MFSD8	4q28.2	Q8NHS3
ENSG00000180398	MCFD2	2p21	Q8NI22
ENSG00000134987	WDR36	5q22.1	Q8NI36
ENSG00000163050	COQ8A	1q42.13	Q8NI60
ENSG00000164610	RP9	7p14.3	Q8TA86
ENSG00000173218	VANGL1	1p13.1	Q8TAA9
ENSG00000165194	PCDH19	Xq22.1	Q8TAB3
ENSG00000163877	SNIP1	1p34.3	Q8TAD8
ENSG00000197753	LHFPL5	6p21.31	Q8TAF8
ENSG00000179941	BBS10	12q21.2	Q8TAM1
ENSG00000168303	MPLKIP	7p14.1	Q8TAP9
ENSG00000104381	GDAP1	8q21.11	Q8TB36
ENSG00000151413	NUBPL	14q12	Q8TB37
ENSG00000013293	SLC7A14	3q26.2	Q8TBB6
ENSG00000158023	WDR66	12q24.31	Q8TBY9
ENSG00000145331	TRMT10A	4q23	Q8TBZ6
ENSG00000167098	SUN5	20q11.21	Q8TC36
ENSG00000139323	POC1B	12q21.33	Q8TC44
ENSG00000169169	CPT1C	19q13.33	Q8TCG5
ENSG00000138035	PNPT1	2p16.1	Q8TCS8
ENSG00000138036	DYNC2LI1	2p21	Q8TCX1
ENSG00000185963	BICD2	9q22.31	Q8TD16
ENSG00000119638	NEK9	14q24.3	Q8TD19
ENSG00000166123	GPT2	16q11.2	Q8TD30
ENSG00000130529	TRPM4	19q13.33	Q8TD43
ENSG00000165091	TMC1	9q21.13	Q8TDI8
ENSG00000168263	KCNV2	9p24.2	Q8TDN2
ENSG00000172922	RNASEH2C	11q13.1	Q8TDP1
ENSG00000204104	TRAF3IP1	2q37.3	Q8TDR0
ENSG00000158683	PKD1L1	7p12.3	Q8TDX9
ENSG00000140873	ADAMTS18	16q23.1	Q8TE60
ENSG00000039139	DNAH5	5p15.2	Q8TE73
ENSG00000158055	GRHL3	1p36.11	Q8TE85
ENSG00000145348	TBCK	4q24	Q8TEA7
ENSG00000165282	PIGO	9p13.3	Q8TEQ8
ENSG00000148498	PARD3	10p11.21	Q8TEW0
ENSG00000169247	SH3TC2	5q32	Q8TF17
ENSG00000179855	GIPC3	19p13.3	Q8TF64
ENSG00000011198	ABHD5	3p21.33	Q8WTS1
ENSG00000114388	NPRL2	3p21.31	Q8WTW4
ENSG00000121350	PYROXD1	12p12.1	Q8WU10
ENSG00000233608	TWIST2	2q37.3	Q8WVJ9
ENSG00000171302	CANT1	17q25.3	Q8WVQ1
ENSG00000126870	WDR60	7q36.3	Q8WVS4
ENSG00000171853	TRAPPC12	2p25.3	Q8WVT3
ENSG00000124429	POF1B	Xq21.1	Q8WVV4
ENSG00000197601	FAR1	11p15.3	Q8WVX9
ENSG00000198860	TSEN15	1q25.3	Q8WW01
ENSG00000169946	ZFPM2	8q23.1	Q8WW38
ENSG00000146247	PHIP	6q14.1	Q8WWQ0
ENSG00000130347	RTN4IP1	6q21	Q8WWV3
ENSG00000105618	PRPF31	19q13.42	Q8WWY3
ENSG00000275885	PRPF31	19q13.42	Q8WWY3
ENSG00000163898	LIPH	3q27.2	Q8WWY8
ENSG00000186197	EDARADD	1q43	Q8WWZ3
ENSG00000167634	NLRP7	19q13.42	Q8WX94
ENSG00000274571	NLRP7	19q13.42	Q8WX94
ENSG00000277776	NLRP7	19q13.42	Q8WX94
ENSG00000277071	NLRP7	19q13.42	Q8WX94
ENSG00000277786	NLRP7	19q13.42	Q8WX94
ENSG00000277179	NLRP7	19q13.42	Q8WX94
ENSG00000276804	NLRP7	19q13.42	Q8WX94
ENSG00000274174	NLRP7	19q13.42	Q8WX94
ENSG00000275483	NLRP7	19q13.42	Q8WX94
ENSG00000133105	RXFP2	13q13.1	Q8WXD0
ENSG00000198513	ATL1	14q22.1	Q8WXF7
ENSG00000164199	ADGRV1	5q14.3	Q8WXG9
ENSG00000054654	SYNE2	14q23.2	Q8WXH0
ENSG00000146926	ASB10	7q36.1	Q8WXI3
ENSG00000083535	PIBF1	13q22.1	Q8WXW3
ENSG00000250479	CHCHD10	22q11.23	Q8WYQ3
ENSG00000273607	CHCHD10	22q11.23	Q8WYQ3
ENSG00000141506	PIK3R5	17p13.1	Q8WYR1
ENSG00000160188	RSPH1	21q22.3	Q8WYR4
ENSG00000184154	LRTOMT	11q13.4	Q8WZ04
ENSG00000155657	TTN	2q31.2	Q8WZ42
ENSG00000085998	POMGNT1	1p34.1	Q8WZA1
ENSG00000134574	DDB2	11p11.2	Q92466
ENSG00000008196	TFAP2B	6p12.3	Q92481
ENSG00000103335	PIEZO1	16q24.3	Q92508
ENSG00000101577	LPIN2	18p11.31	Q92539
ENSG00000112367	FIG4	6q21	Q92562
ENSG00000165699	TSC1	9q34.13	Q92574
ENSG00000134516	DOCK2	5q35.1	Q92608
ENSG00000155561	NUP205	7q33	Q92621
ENSG00000130508	PXDN	2p25.3	Q92626
ENSG00000170624	SGCD	5q33.3	Q92629
ENSG00000137642	SORL1	11q24.1	Q92673
ENSG00000214160	ALG3	3q27.1	Q92685
ENSG00000114354	TFG	3q12.2	Q92734
ENSG00000198626	RYR2	1q43	Q92736
ENSG00000166033	HTRA1	10q26.13	Q92743
ENSG00000162998	FRZB	2q32.1	Q92765
ENSG00000135437	RDH5	12q13.2	Q92781
ENSG00000005339	CREBBP	16p13.3	Q92793
ENSG00000159184	HOXB13	17q21.32	Q92826
ENSG00000156313	RPGR	Xp11.4	Q92834
ENSG00000158813	EDA	Xq13.1	Q92838
ENSG00000121853	GHSR	3q26.31	Q92847
ENSG00000003400	CASP10	2q33.1	Q92851
ENSG00000023839	ABCC2	10q24.2	Q92887
ENSG00000175595	ERCC4	16p13.12	Q92889
ENSG00000141448	GATA6	18q11.2	Q92908
ENSG00000105641	SLC5A5	19p13.11	Q92911
ENSG00000102466	FGF14	13q33.1	Q92915
ENSG00000105607	GCDH	19p13.13	Q92947
ENSG00000174640	SLCO2A1	3q22.1	Q92959
ENSG00000143622	RIT1	1q22	Q92963
ENSG00000162928	PEX13	2p15	Q92968
ENSG00000126749	EMG1	12p13.31	Q92979
ENSG00000185507	IRF7	11p15.5	Q92985
ENSG00000276561	IRF7	11p15.5	Q92985
ENSG00000172409	CLP1	11q12.1	Q92989
ENSG00000185024	BRF1	14q32.33	Q92994
ENSG00000124486	USP9X	Xp11.4	Q93008
ENSG00000151348	EXT2	11p11.2	Q93063
ENSG00000184634	MED12	Xq13.1	Q93074
ENSG00000113924	HGD	3q13.33	Q93099
ENSG00000102893	PHKB	16q12.1	Q93100
ENSG00000158526	TSR2	Xp11.22	Q969E8
ENSG00000116014	KISS1R	19p13.3	Q969F8
ENSG00000163755	HPS3	3q24	Q969F9
ENSG00000121454	LHX4	1q25.2	Q969G2
ENSG00000073584	SMARCE1	17q21.2	Q969G3
ENSG00000130299	GTPBP3	19p13.11	Q969Y2
ENSG00000181830	SLC35C1	11p11.2	Q96A29
ENSG00000163933	RFT1	3p21.1	Q96AA3
ENSG00000177666	PNPLA2	11p15.5	Q96AD5
ENSG00000164209	SLC25A46	5q22.1	Q96AG3
ENSG00000102977	ACD	16q22.1	Q96AP0
ENSG00000139719	VPS33A	12q24.31	Q96AX1
ENSG00000141756	FKBP10	17q21.2	Q96AY3
ENSG00000120699	EXOSC8	13q13.3	Q96B26
ENSG00000154124	OTULIN	5p15.2	Q96BN8
ENSG00000140691	ARMC5	16p11.2	Q96C12
ENSG00000143811	PYCR2	1q42.12	Q96C36
ENSG00000110063	DCPS	11q24.2	Q96C86
ENSG00000110074	FOXRED1	11q24.2	Q96CU9
ENSG00000123240	OPTN	10p13	Q96CV9
ENSG00000276045	ORAI1	12q24.31	Q96D31
ENSG00000123815	COQ8B	19q13.2	Q96D53
ENSG00000135597	REPS1	6q24.1	Q96D71
ENSG00000155961	RAB39B	Xq28	Q96DA2
ENSG00000103707	MTFMT	15q22.31	Q96DP5
ENSG00000105877	DNAH11	7p15.3	Q96DT5
ENSG00000144659	SLC25A38	3p22.1	Q96DW6
ENSG00000159579	RSPRY1	16q13	Q96DX4
ENSG00000166326	TRIM44	11p13	Q96DX7
ENSG00000153989	NUS1	6q22.1	Q96E22
ENSG00000075643	MOCOS	18q12.2	Q96EN8
ENSG00000101695	RNF125	18q12.1	Q96EQ8
ENSG00000171155	C1GALT1C1	Xq24	Q96EU7
ENSG00000119333	WDR34	9q34.11	Q96EX3
ENSG00000139428	MMAB	12q24.11	Q96EY8
ENSG00000172339	ALG14	1p21.3	Q96F25
ENSG00000013573	DDX11	12p11.21	Q96FC9
ENSG00000161395	PGAP3	17q12	Q96FM1
ENSG00000119650	IFT43	14q24.3	Q96FT9
ENSG00000168000	BSCL2	11q12.3	Q96G97
ENSG00000132773	TOE1	1p34.1	Q96GM8
ENSG00000247626	MARS2	2q33.1	Q96GW9
ENSG00000163703	CRELD1	3p25.3	Q96HD1
ENSG00000181192	DHTKD1	10p14	Q96HY7
ENSG00000144591	GMPPA	2q35	Q96IJ6
ENSG00000112773	TENT5A	6q14.1	Q96IP4
ENSG00000173976	RAX2	19p13.3	Q96IS3
ENSG00000126562	WNK4	17q21.2	Q96J92
ENSG00000104133	SPG11	15q21.1	Q96JI7
ENSG00000166341	DCHS1	11p15.4	Q96JQ0
ENSG00000122335	SERAC1	6q25.3	Q96JX3
ENSG00000120925	RNF170	8p11.21	Q96K19
ENSG00000145794	MEGF10	5q23.2	Q96KG7
ENSG00000131055	COX4I2	20q11.21	Q96KJ9
ENSG00000092200	RPGRIP1	14q11.2	Q96KN7
ENSG00000269058	CALR3	19p13.11	Q96L12
ENSG00000176022	B3GALT6	1p36.33	Q96L58
ENSG00000165671	NSD1	5q35.3	Q96L73
ENSG00000164306	PRIMPOL	4q35.1	Q96LW4
ENSG00000198331	HYLS1	11q24.2	Q96M11
ENSG00000172361	CFAP53	18q21.1	Q96M91
ENSG00000139132	FGD4	12p11.21	Q96M96
ENSG00000185482	STAC3	12q13.3	Q96MF2
ENSG00000185115	NSMCE3	15q13.1	Q96MG7
ENSG00000282130	NSMCE3	15q13.1	Q96MG7
ENSG00000108950	FAM20A	17q24.2	Q96MK3
ENSG00000243335	KCTD7	7q11.21	Q96MP8
ENSG00000154134	ROBO3	11q24.2	Q96MS0
ENSG00000139174	PRICKLE1	12q12	Q96MT3
ENSG00000159650	UROC1	3q21.3	Q96N76
ENSG00000156172	C8orf37	8q22.1	Q96NL8
ENSG00000139988	RDH12	14q24.1	Q96NR8
ENSG00000076351	SLC46A1	17q11.2	Q96NT5
ENSG00000143217	NECTIN4	1q23.3	Q96NY8
ENSG00000162711	NLRP3	1q44	Q96P20
ENSG00000165370	GPR101	Xq26.3	Q96P66
ENSG00000152056	AP1S3	2q36.1	Q96PC3
ENSG00000112116	IL17F	6p12.2	Q96PD4
ENSG00000049759	NEDD4L	18q21.31	Q96PU5
ENSG00000227460	SYNGAP1	6p21.32	Q96PV0
ENSG00000197283	SYNGAP1	6p21.32	Q96PV0
ENSG00000137601	NEK1	4q33	Q96PY6
ENSG00000072756	TRNT1	3p26.2	Q96Q11
ENSG00000004848	ARX	Xp21.3	Q96QS3
ENSG00000150275	PCDH15	10q21.1	Q96QU1
ENSG00000140463	BBS4	15q24.1	Q96RK4
ENSG00000197969	VPS13A	9q21.2	Q96RL7
ENSG00000112053	SLC26A8	6p21.31	Q96RN1
ENSG00000168827	GFM1	3q25.32	Q96RP9
ENSG00000078070	MCCC1	3q27.1	Q96RQ3
ENSG00000107815	TWNK	10q24.31	Q96RR1
ENSG00000143341	HMCN1	1q31.1	Q96RW7
ENSG00000187535	IFT140	16p13.3	Q96RY7
ENSG00000197891	SLC22A12	11q13.1	Q96S37
ENSG00000156574	NODAL	10q22.1	Q96S42
ENSG00000187742	SECISBP2	9q22.2	Q96T21
ENSG00000039650	PNKP	19q13.33	Q96T60
ENSG00000119535	CSF3R	1p34.3	Q99062
ENSG00000140262	TCF12	15q21.3	Q99081
ENSG00000125363	AMELX	Xp22.2	Q99217
ENSG00000136531	SCN2A	2q24.3	Q99250
ENSG00000128683	GAD1	2q31.1	Q99259
ENSG00000187242	KRT12	17q21.2	Q99456
ENSG00000263243	KRT12	17q21.2	Q99456
ENSG00000116288	PARK7	1p36.23	Q99497
ENSG00000104313	EYA1	8q13.3	Q99502
ENSG00000184494	NEU1	6p21.33	Q99519
ENSG00000204386	NEU1	6p21.33	Q99519
ENSG00000234846	NEU1	6p21.33	Q99519
ENSG00000227129	NEU1	6p21.33	Q99519
ENSG00000228691	NEU1	6p21.33	Q99519
ENSG00000234343	NEU1	6p21.33	Q99519
ENSG00000223957	NEU1	6p21.33	Q99519
ENSG00000227315	NEU1	6p21.33	Q99519
ENSG00000163536	SERPINI1	3q26.1	Q99574
ENSG00000104356	POP1	8q22.2	Q99575
ENSG00000089225	TBX5	12q24.21	Q99593
ENSG00000145623	OSMR	5p13.1	Q99650
ENSG00000162676	GFI1	1p22.1	Q99684
ENSG00000164093	PITX2	4q25	Q99697
ENSG00000143669	LYST	1q42.3	Q99698
ENSG00000116984	MTR	1q43	Q99707
ENSG00000101773	RBBP8	18q11.2	Q99708
ENSG00000072506	HSD17B10	Xp11.22	Q99714
ENSG00000111799	COL12A1	6q13	Q99715
ENSG00000147955	SIGMAR1	9p13.3	Q99720
ENSG00000189067	LITAF	16p13.13	Q99732
ENSG00000094804	CDC6	17q21.2	Q99741
ENSG00000167972	ABCA3	16p13.3	Q99758
ENSG00000027001	MIPEP	13q12.12	Q99797
ENSG00000100412	ACO2	22q13.2	Q99798
ENSG00000116016	EPAS1	2p21	Q99814
ENSG00000128602	SMO	7q32.1	Q99835
ENSG00000162438	CTRC	1p36.21	Q99895
ENSG00000176692	FOXC2	16q24.1	Q99958
ENSG00000057294	PKP2	12p11.21	Q99959
ENSG00000034971	MYOC	1q24.3	Q99972
ENSG00000127914	AKAP9	7q21.2	Q99996
ENSG00000123810	B9D2	19q13.2	Q9BPU9
ENSG00000006744	ELAC2	17p12	Q9BQ52
ENSG00000167941	SOST	17q21.31	Q9BQB4
ENSG00000167397	VKORC1	16p11.2	Q9BQB6
ENSG00000101311	FERMT1	20p12.3	Q9BQL6
ENSG00000163820	FYCO1	3p21.31	Q9BQS8
ENSG00000149596	JPH2	20q13.12	Q9BR39
ENSG00000158014	SLC30A2	1p36.11	Q9BRI3
ENSG00000132563	REEP2	5q31.2	Q9BRK0
ENSG00000092330	TINF2	14q12	Q9BSI4
ENSG00000284915	TINF2	14q12	Q9BSI4
ENSG00000136280	CCM2	7p13	Q9BSQ5
ENSG00000033011	ALG1	16p13.3	Q9BT22
ENSG00000132376	INPP5K	17p13.3	Q9BT40
ENSG00000170876	TMEM43	3p25.1	Q9BTV4
ENSG00000141556	TBCD	17q25.3	Q9BTW9
ENSG00000101938	CHRDL1	Xq23	Q9BU40
ENSG00000178057	NDUFAF3	3p21.31	Q9BU61
ENSG00000135070	ISCA1	9q21.33	Q9BUE6
ENSG00000125459	MSTO1	1q22	Q9BUK6
ENSG00000141349	G6PC3	17q21.31	Q9BUM1
ENSG00000141499	WRAP53	17p13.1	Q9BUR4
ENSG00000182858	ALG12	22q13.33	Q9BV10
ENSG00000115648	MLPH	2q37.3	Q9BV36
ENSG00000116353	MECR	1p35.3	Q9BV79
ENSG00000140854	KATNB1	16q21	Q9BVA0
ENSG00000137285	TUBB2B	6p25.2	Q9BVA1
ENSG00000159063	ALG8	11q14.1	Q9BVK2
ENSG00000100578	KIAA0586	14q23.1	Q9BVV6
ENSG00000100360	IFT27	22q12.3	Q9BW83
ENSG00000143374	TARS2	1q21.2	Q9BW92
ENSG00000118004	COLEC11	2p25.3	Q9BWP8
ENSG00000144354	CDCA7	2q31.1	Q9BWT1
ENSG00000130700	GATA5	20q13.33	Q9BWX5
ENSG00000136492	BRIP1	17q23.2	Q9BX63
ENSG00000166086	JAM3	11q25	Q9BX67
ENSG00000119121	TRPM6	9q21.13	Q9BX84
ENSG00000144962	SPATA16	3q26.31	Q9BXB7
ENSG00000223953	C1QTNF5	11q23.3	Q9BXJ0
ENSG00000166126	AMN	14q32.32	Q9BXJ7
ENSG00000141527	CARD14	17q25.3	Q9BXL6
ENSG00000198286	CARD11	7p22.2	Q9BXL7
ENSG00000158828	PINK1	1p36.12	Q9BXM7
ENSG00000188517	COL25A1	4q25	Q9BXS0
ENSG00000133863	TEX15	8p12	Q9BXT5
ENSG00000144554	FANCD2	3p25.3	Q9BXW9
ENSG00000125877	ITPA	20p13	Q9BY32
ENSG00000147099	HDAC8	Xq13.1	Q9BY41
ENSG00000235718	MFRP	11q23.3	Q9BY79
ENSG00000283243	SHANK3	22q13.33	Q9BYB0
ENSG00000179111	HES7	17p13.1	Q9BYE0
ENSG00000122591	FAM126A	7p15.3	Q9BYI3
ENSG00000179148	ALOXE3	17p13.1	Q9BYJ1
ENSG00000125826	RBCK1	20p13	Q9BYM8
ENSG00000101194	SLC17A9	20q13.33	Q9BYT1
ENSG00000134343	ANO3	11p14.2	Q9BYT9
ENSG00000181555	SETD2	3p21.31	Q9BYW2
ENSG00000115267	IFIH1	2q24.2	Q9BYX4
ENSG00000125779	PANK2	20p13	Q9BZ23
ENSG00000091622	PITPNM3	17p13.2	Q9BZ71
ENSG00000198246	SLC29A3	10q22.1	Q9BZD2
ENSG00000142513	ACP4	19q13.33	Q9BZG2
ENSG00000108963	DPH1	17p13.3	Q9BZG8
ENSG00000120008	WDR11	10q26.12	Q9BZH6
ENSG00000125351	UPF3B	Xq24	Q9BZI7
ENSG00000177565	TBL1XR1	3q26.32	Q9BZK7
ENSG00000040608	RTN4R	22q11.21	Q9BZR6
ENSG00000049768	FOXP3	Xp11.23	Q9BZS1
ENSG00000135917	SLC19A3	2q36.3	Q9BZV2
ENSG00000081148	IMPG2	3q12.3	Q9BZV3
ENSG00000091592	NLRP1	17p13.2	Q9C000
ENSG00000187678	SPRY4	5q31.3	Q9C004
ENSG00000109654	TRIM2	4q31.3	Q9C040
ENSG00000141449	GREB1L	18q11.1	Q9C091
ENSG00000168137	SETD5	3p25.3	Q9C0A6
ENSG00000140718	FTO	16q12.2	Q9C0B1
ENSG00000127152	BCL11B	14q32.2	Q9C0K0
ENSG00000138821	SLC39A8	4q24	Q9C0K1
ENSG00000118402	ELOVL4	6q14.1	Q9GZR5
ENSG00000135925	WNT10A	2q35	Q9GZT5
ENSG00000135766	EGLN1	1q42.2	Q9GZT9
ENSG00000090674	MCOLN1	19p13.2	Q9GZU1
ENSG00000188937	NYX	Xp11.4	Q9GZU5
ENSG00000115665	SLC5A7	2q12.3	Q9GZV3
ENSG00000118972	FGF23	12p13.32	Q9GZV9
ENSG00000183196	CHST6	16q23.1	Q9GZX3
ENSG00000111732	AICDA	12p13.31	Q9GZX7
ENSG00000081307	UBA5	3q22.1	Q9GZZ9
ENSG00000010072	SPRTN	1q42.2	Q9H040
ENSG00000162129	CLPB	11q13.4	Q9H078
ENSG00000113966	ARL6	3q11.2	Q9H0F7
ENSG00000122643	NT5C3A	7p14.3	Q9H0P0
ENSG00000114988	LMAN2L	2q11.2	Q9H0V9
ENSG00000052850	ALX4	11p11.2	Q9H161
ENSG00000119866	BCL11A	2p16.1	Q9H165
ENSG00000101306	MYLK2	20q11.21	Q9H1R3
ENSG00000197106	SLC6A17	1p13.3	Q9H1V8
ENSG00000167513	CDT1	16q24.3	Q9H211
ENSG00000143921	ABCG8	2p21	Q9H221
ENSG00000138075	ABCG5	2p21	Q9H222
ENSG00000102312	PORCN	Xp11.23	Q9H237
ENSG00000169313	P2RY12	3q25.1	Q9H244
ENSG00000107736	CDH23	10q22.1	Q9H251
ENSG00000187796	CARD9	9q34.3	Q9H257
ENSG00000184056	VPS33B	15q26.1	Q9H267
ENSG00000124302	CHST8	19q13.11	Q9H2A9
ENSG00000145217	SLC26A1	4p16.3	Q9H2B4
ENSG00000261609	GAN	16q23.2	Q9H2C0
ENSG00000173409	ARV1	1q42.2	Q9H2C2
ENSG00000100106	TRIOBP	22q13.1	Q9H2D6
ENSG00000099377	HSD3B7	16p11.2	Q9H2F3
ENSG00000118873	RAB3GAP2	1q41	Q9H2M9
ENSG00000138777	PPA2	4q24	Q9H2U2
ENSG00000124140	SLC12A5	20q13.12	Q9H2X9
ENSG00000114861	FOXP1	3p13	Q9H334
ENSG00000073282	TP63	3q28	Q9H3D4
ENSG00000043514	TRIT1	1p34.2	Q9H3H1
ENSG00000172269	DPAGT1	11q23.3	Q9H3H5
ENSG00000168288	MMADHC	2q23.2	Q9H3L0
ENSG00000196189	SEMA4A	1q22	Q9H3S1
ENSG00000196511	TPK1	7q35	Q9H3S4
ENSG00000285075	TPK1	7q35	Q9H3S4
ENSG00000101152	DNAJC5	20q13.33	Q9H3Z4
ENSG00000101162	TUBB1	20q13.32	Q9H4B7
ENSG00000198732	SMOC1	14q24.2	Q9H4F8
ENSG00000130711	PRDM12	9q34.12	Q9H4Q4
ENSG00000108001	EBF3	10q26.3	Q9H4W6
ENSG00000198026	ZNF335	20q13.12	Q9H4Z2
ENSG00000119523	ALG2	9q22.33	Q9H553
ENSG00000122482	ZNF644	1p22.2	Q9H582
ENSG00000154864	PIEZO2	18p11.22	Q9H5I5
ENSG00000185900	POMK	8p11.21	Q9H5K3
ENSG00000186862	PDZD7	10q24.31	Q9H5P4
ENSG00000122870	BICC1	10q21.1	Q9H694
ENSG00000164736	SOX17	8q11.23	Q9H6I2
ENSG00000125741	OPA3	19q13.32	Q9H6K4
ENSG00000205084	TMEM231	16q23.1	Q9H6L2
ENSG00000086848	ALG9	11q23.1	Q9H6U8
ENSG00000180875	GREM2	1q43	Q9H772
ENSG00000197603	CPLANE1	5p13.2	Q9H799
ENSG00000090924	PLEKHG2	19q13.2	Q9H7P9
ENSG00000104953	TLE6	19p13.3	Q9H808
ENSG00000177646	ACAD9	3q21.3	Q9H845
ENSG00000148842	CNNM2	10q24.32	Q9H8M5
ENSG00000068615	REEP1	2p11.2	Q9H902
ENSG00000177542	SLC25A22	11p15.5	Q9H936
ENSG00000175213	ZNF408	11p11.2	Q9H9D4
ENSG00000087299	L2HGDH	14q21.3	Q9H9P8
ENSG00000181027	FKRP	19q13.32	Q9H9S5
ENSG00000185803	SLC52A2	8q24.3	Q9HAB3
ENSG00000285112	SLC52A2	8q24.3	Q9HAB3
ENSG00000175600	SUGCT	7p14.1	Q9HAC7
ENSG00000173614	NMNAT1	1p36.22	Q9HAN9
ENSG00000110013	SIAE	11q24.2	Q9HAT2
ENSG00000114450	GNB4	3q26.33	Q9HAV0
ENSG00000135697	BCO1	16q23.2	Q9HAY6
ENSG00000142611	PRDM16	1p36.32	Q9HAZ2
ENSG00000111199	TRPV4	12q24.11	Q9HBA0
ENSG00000103522	IL21R	16p12.1	Q9HBE5
ENSG00000105929	ATP6V0A4	7q34	Q9HBG4
ENSG00000163913	IFT122	3q21.3	Q9HBG6
ENSG00000134851	TMEM165	4q12	Q9HC07
ENSG00000115155	OTOF	2p23.3	Q9HC10
ENSG00000125454	SLC25A19	17q25.1	Q9HC21
ENSG00000163421	PROK2	3p13	Q9HC23
ENSG00000167207	NOD2	16q12.1	Q9HC29
ENSG00000151849	CENPJ	13q12.12	Q9HC77
ENSG00000181722	ZBTB20	3q13.31	Q9HC78
ENSG00000131844	MCCC2	5q13.2	Q9HCC0
ENSG00000152223	EPG5	18q21.1	Q9HCE0
ENSG00000070610	GBA2	9p13.3	Q9HCG7
ENSG00000154122	ANKH	5p15.2	Q9HCJ1
ENSG00000130449	ZSWIM6	5q12.1	Q9HCJ5
ENSG00000185008	ROBO2	3p12.3	Q9HCK4
ENSG00000088053	GP6	19q13.42	Q9HCN6
ENSG00000277439	GP6	19q13.42	Q9HCN6
ENSG00000214113	LYRM4	6p25.1	Q9HD34
ENSG00000109618	SEPSECS	4p15.2	Q9HD40
ENSG00000115657	ABCB6	2q35	Q9NP58
ENSG00000138449	SLC40A1	2q32.2	Q9NP59
ENSG00000099246	RAB18	10p12.1	Q9NP72
ENSG00000101901	ALG13	Xq23	Q9NP73
ENSG00000104835	SARS2	19q13.2	Q9NP81
ENSG00000283104	SARS2	19q13.2	Q9NP81
ENSG00000116218	NPHS2	1q25.2	Q9NP85
ENSG00000169427	KCNK9	8q24.3	Q9NPC2
ENSG00000172399	MYOZ2	4q26	Q9NPC6
ENSG00000077152	UBE2T	1q32.1	Q9NPD8
ENSG00000182117	NOP10	15q14	Q9NPE3
ENSG00000092094	OSGEP	14q11.2	Q9NPF4
ENSG00000113555	PCDH12	5q31.3	Q9NPG4
ENSG00000149483	TMEM138	11q12.2	Q9NPI0
ENSG00000125863	MKKS	20p12.2	Q9NPJ1
ENSG00000091106	NLRC4	2p22.3	Q9NPP4
ENSG00000159363	ATP13A2	1p36.13	Q9NQ11
ENSG00000101276	SLC52A3	20p13	Q9NQ40
ENSG00000083799	CYLD	16q12.1	Q9NQC7
ENSG00000196236	XPNPEP3	22q13.2	Q9NQH7
ENSG00000107371	EXOSC3	9p13.2	Q9NQT5
ENSG00000152784	PRDM8	4q21.21	Q9NQV8
ENSG00000011426	ANLN	7p14.2	Q9NQW6
ENSG00000170289	CNGB3	8q21.3	Q9NQW8
ENSG00000061455	PRDM6	5q23.2	Q9NQX0
ENSG00000138738	PRDM5	4q27	Q9NQX1
ENSG00000171723	GPHN	14q23.3	Q9NQX3
ENSG00000126970	ZC4H2	Xq11.2	Q9NQZ6
ENSG00000184344	GDF3	12p13.31	Q9NR23
ENSG00000284934	DIABLO	12q24.31	Q9NR28
ENSG00000184047	DIABLO	12q24.31	Q9NR28
ENSG00000095380	NANS	9q22.33	Q9NR45
ENSG00000116539	ASH1L	1q22	Q9NR48
ENSG00000070785	EIF2B3	1p34.1	Q9NR50
ENSG00000128917	DLL4	15q15.1	Q9NR61
ENSG00000003137	CYP26B1	2p13.2	Q9NR63
ENSG00000101825	MXRA5	Xp22.33	Q9NR99
ENSG00000119899	SLC17A5	6q13	Q9NRA2
ENSG00000140279	DUOX2	15q21.1	Q9NRD8
ENSG00000094914	AAAS	12q13.13	Q9NRG9
ENSG00000109667	SLC2A9	4p16.1	Q9NRM0
ENSG00000148384	INPP5E	9q34.3	Q9NRR6
ENSG00000136631	VPS45	1q21.2	Q9NRW7
ENSG00000119969	HELLS	10q23.33	Q9NRZ9
ENSG00000103942	HOMER2	15q25.2	Q9NSB8
ENSG00000067704	IARS2	1q41	Q9NSE4
ENSG00000131943	C19orf12	19q12	Q9NSK7
ENSG00000100344	PNPLA3	22q13.31	Q9NST1
ENSG00000213689	TREX1	3p21.31	Q9NSU2
ENSG00000132932	ATP8A2	13q12.13	Q9NTI2
ENSG00000204644	ZFP57	6p22.1	Q9NU63
ENSG00000223852	ZFP57	6p22.1	Q9NU63
ENSG00000234669	ZFP57	6p22.1	Q9NU63
ENSG00000232099	ZFP57	6p22.1	Q9NU63
ENSG00000226858	ZFP57	6p22.1	Q9NU63
ENSG00000223858	ZFP57	6p22.1	Q9NU63
ENSG00000206510	ZFP57	6p22.1	Q9NU63
ENSG00000060642	PIGV	1p36.11	Q9NUD9
ENSG00000109775	UFSP2	4q35.1	Q9NUQ7
ENSG00000042088	TDP1	14q32.11	Q9NUW8
ENSG00000128513	POT1	7q31.33	Q9NUX5
ENSG00000042429	MED17	11q21	Q9NVC6
ENSG00000185973	TMLHE	Xq28	Q9NVH6
ENSG00000140525	FANCI	15q26.1	Q9NVI1
ENSG00000132600	PRMT7	16q22.1	Q9NVM4
ENSG00000108439	PNPO	17q21.32	Q9NVS9
ENSG00000107951	MTPAP	10p11.23	Q9NVV4
ENSG00000131931	THAP1	8p11.21	Q9NVV9
ENSG00000131263	RLIM	Xq13.2	Q9NVW2
ENSG00000013503	POLR3B	12q23.3	Q9NW08
ENSG00000106344	RBM28	7q32.1	Q9NW13
ENSG00000160746	ANO10	3p22.1	Q9NW15
ENSG00000011275	RNF216	7p22.1	Q9NWF9
ENSG00000155906	RMND1	6q25.1	Q9NWS8
ENSG00000128973	CLN6	15q23	Q9NWW5
ENSG00000198001	IRAK4	12q12	Q9NWZ3
ENSG00000145912	NHP2	5q35.3	Q9NX24
ENSG00000104331	IMPAD1	8q12.1	Q9NX62
ENSG00000011143	MKS1	17q22	Q9NXB0
ENSG00000153253	SCN3A	2q24.3	Q9NY46
ENSG00000166257	SCN3B	11q24.1	Q9NY72
ENSG00000165617	DACT1	14q23.1	Q9NYF0
ENSG00000090932	DLL3	19q13.2	Q9NYJ7
ENSG00000055208	TAB2	6q25.1	Q9NYJ8
ENSG00000091436	MAP3K20	2q31.1	Q9NYL2
ENSG00000159147	DONSON	21q22.11	Q9NYP3
ENSG00000012660	ELOVL5	6p12.1	Q9NYP7
ENSG00000075275	CELSR1	22q13.31	Q9NYQ6
ENSG00000086570	FAT2	5q33.1	Q9NYQ8
ENSG00000099797	TECR	19p13.12	Q9NZ01
ENSG00000258366	RTEL1	20q13.33	Q9NZ71
ENSG00000124615	MOCS1	6p21.2	Q9NZB8
ENSG00000095970	TREM2	6p21.1	Q9NZC2
ENSG00000186153	WWOX	16q23.1	Q9NZC7
ENSG00000138375	SMARCAL1	2q35	Q9NZC9
ENSG00000151835	SACS	13q12.12	Q9NZJ4
ENSG00000172071	EIF2AK3	2p11.2	Q9NZJ5
ENSG00000093072	ADA2	22q11.1	Q9NZK5
ENSG00000129221	AIPL1	17p13.2	Q9NZN9
ENSG00000100987	VSX1	20p11.21	Q9NZR4
ENSG00000125848	FLRT3	20p12.1	Q9NZU0
ENSG00000162430	SELENON	1p36.11	Q9NZV5
ENSG00000152591	DSPP	4q22.1	Q9NZW4
ENSG00000119878	CRIPT	2p21	Q9P021
ENSG00000123545	NDUFAF4	6q16.1	Q9P032
ENSG00000008277	ADAM22	7q21.12	Q9P0K1
ENSG00000187049	TMEM216	11q12.2	Q9P0N5
ENSG00000138193	PLCE1	10q23.33	Q9P212
ENSG00000015133	CCDC88C	14q32.11	Q9P219
ENSG00000204406	MBD5	2q23.1	Q9P267
ENSG00000171316	CHD7	8q12.2	Q9P2D1
ENSG00000068885	IFT80	3q25.33	Q9P2H3
ENSG00000133706	LARS	5q32	Q9P2J5
ENSG00000048342	CC2D2A	4p15.32	Q9P2K1
ENSG00000128829	EIF2AK4	15q15.1	Q9P2K8
ENSG00000118965	WDR35	2p24.1	Q9P2L0
ENSG00000138411	HECW2	2q32.3	Q9P2P5
ENSG00000142599	RERE	1p36.23	Q9P2R6
ENSG00000136143	SUCLA2	13q14.2	Q9P2R7
ENSG00000179085	DPM3	1q22	Q9P2X0
ENSG00000088305	DNMT3B	20q11.21	Q9UBC3
ENSG00000175505	CLCF1	11q13.2	Q9UBD9
ENSG00000136695	IL36RN	2q14.1	Q9UBH0
ENSG00000143324	XPR1	1q25.3	Q9UBH6
ENSG00000124275	MTRR	5p15.31	Q9UBK8
ENSG00000187848	P2RX2	12q24.33	Q9UBL9
ENSG00000172893	DHCR7	11q13.4	Q9UBM7
ENSG00000021574	SPAST	2p22.3	Q9UBP0
ENSG00000100024	UPB1	22q11.23	Q9UBR1
ENSG00000107187	LHX3	9q34.3	Q9UBR4
ENSG00000027847	B4GALT7	5q35.3	Q9UBV7
ENSG00000163666	HESX1	3p14.3	Q9UBX0
ENSG00000174080	CTSF	11q13.2	Q9UBX1
ENSG00000140092	FBLN5	14q32.12	Q9UBX5
ENSG00000182372	CLN8	8p23.3	Q9UBY8
ENSG00000278220	CLN8	8p23.3	Q9UBY8
ENSG00000119139	TJP2	9q21.11	Q9UDY2
ENSG00000172175	MALT1	18q21.32	Q9UDY8
ENSG00000133116	KL	13q13.1	Q9UEF7
ENSG00000148700	ADD3	10q25.2	Q9UEY8
ENSG00000138002	IFT172	2p23.3	Q9UG01
ENSG00000106617	PRKAG2	7q36.1	Q9UGJ0
ENSG00000116874	WARS2	1p12	Q9UGM6
ENSG00000146021	KLHL3	5q31.2	Q9UH77
ENSG00000072364	AFF4	5q31.1	Q9UHB7
ENSG00000119684	MLH3	14q24.3	Q9UHC1
ENSG00000183735	TBK1	12q14.2	Q9UHD2
ENSG00000184640	9-Sep	17q25.3	Q9UHD8
ENSG00000188021	UBQLN2	Xp11.21	Q9UHD9
ENSG00000166863	TAC3	12q13.3	Q9UHF0
ENSG00000104447	TRPS1	8q23.3	Q9UHF7
ENSG00000146038	DCDC2	6p22.3	Q9UHG0
ENSG00000148985	PGAP2	11p15.4	Q9UHJ9
ENSG00000242110	AMACR	5p13.2	Q9UHK6
ENSG00000256525	POLG2	17q23.3	Q9UHN1
ENSG00000179950	PUF60	8q24.3	Q9UHX1
ENSG00000274081	PUF60	8q24.3	Q9UHX1
ENSG00000127507	ADGRE2	19p13.12	Q9UHX3
ENSG00000132837	DMGDH	5q14.1	Q9UI17
ENSG00000168356	SCN11A	3p22.2	Q9UI33
ENSG00000122735	DNAI1	9p13.3	Q9UI46
ENSG00000132781	MUTYH	1p34.1	Q9UIF7
ENSG00000116031	CD207	2p13.3	Q9UJ71
ENSG00000125885	MCM8	20p12.3	Q9UJA3
ENSG00000090581	GNPTG	16p13.3	Q9UJJ9
ENSG00000004864	SLC25A13	7q21.3	Q9UJS0
ENSG00000080561	MID2	Xq22.3	Q9UJV3
ENSG00000183258	DDX41	5q35.3	Q9UJV9
ENSG00000152137	HSPB8	12q24.23	Q9UJY1
ENSG00000263761	GDF2	10q11.22	Q9UK05
ENSG00000171385	KCND3	1p13.2	Q9UK17
ENSG00000112234	FBXL4	6q16.1	Q9UKA2
ENSG00000157500	APPL1	3p14.3	Q9UKG1
ENSG00000177239	MAN1B1	9q34.3	Q9UKM7
ENSG00000091536	MYO15A	17p11.2	Q9UKN7
ENSG00000151498	ACAD8	11q25	Q9UKU7
ENSG00000125414	MYH2	17p13.1	Q9UKX2
ENSG00000009830	POMT2	14q24.3	Q9UKY4
ENSG00000111817	DSE	6q22.1	Q9UL01
ENSG00000123453	SARDH	9q34.2	Q9UL12
ENSG00000129422	MTUS1	8p22	Q9ULD2
ENSG00000164066	INTU	4q28.1	Q9ULD6
ENSG00000162738	VANGL2	1q23.2	Q9ULK5
ENSG00000158352	SHROOM4	Xp11.22	Q9ULL8
ENSG00000162065	TBC1D24	16p13.3	Q9ULP9
ENSG00000068724	TTC7A	2p21	Q9ULT0
ENSG00000167306	MYO5B	18q21.1	Q9ULV0
ENSG00000174804	FZD4	11q14.2	Q9ULV1
ENSG00000102878	HSF4	16q22.1	Q9ULV5
ENSG00000142619	PADI3	1p36.13	Q9ULW8
ENSG00000280549	PADI3	1p36.13	Q9ULW8
ENSG00000155465	SLC7A7	14q11.2	Q9UM01
ENSG00000074181	NOTCH3	19p13.12	Q9UM47
ENSG00000171094	ALK	2p23.2	Q9UM73
ENSG00000065618	COL17A1	10q25.1	Q9UMD9
ENSG00000164532	TBX20	7p14.2	Q9UMR3
ENSG00000169599	NFU1	2p13.3	Q9UMS0
ENSG00000112599	GUCA1B	6p21.1	Q9UMX6
ENSG00000164175	SLC45A2	5p13.2	Q9UMX9
ENSG00000145819	ARHGAP26	5q31.3	Q9UNA1
ENSG00000135960	EDAR	2q13	Q9UNE0
ENSG00000103266	STUB1	16p13.3	Q9UNE7
ENSG00000102316	MAGED2	Xp11.21	Q9UNF1
ENSG00000107789	MINPP1	10q23.2	Q9UNW1
ENSG00000106327	TFR2	7q22.1	Q9UP52
ENSG00000119686	FLVCR2	14q24.3	Q9UPI3
ENSG00000081014	AP4E1	15q21.2	Q9UPM8
ENSG00000108641	B9D1	17p11.2	Q9UPM9
ENSG00000172943	PHF8	Xp11.22	Q9UPP1
ENSG00000175283	DOLK	9q34.11	Q9UPQ8
ENSG00000110274	CEP164	11q23.3	Q9UPV0
ENSG00000100697	DICER1	14q32.13	Q9UPY3
ENSG00000110756	HPS5	11p15.1	Q9UPZ3
ENSG00000112144	ICK	6p12.1	Q9UPZ9
ENSG00000108061	SHOC2	10q25.2	Q9UQ13
ENSG00000197912	SPG7	16q24.3	Q9UQ90
ENSG00000196876	SCN8A	12q13.13	Q9UQD0
ENSG00000121653	MAPK8IP1	11p11.2	Q9UQF2
ENSG00000070808	CAMK2A	5q32	Q9UQM7
ENSG00000083937	CHMP2B	3p11.2	Q9UQN3
ENSG00000111252	SH2B3	12q24.12	Q9UQQ2
ENSG00000137672	TRPC6	11q22.1	Q9Y210
ENSG00000206561	COLQ	3p25.1	Q9Y215
ENSG00000159921	GNE	9p13.3	Q9Y223
ENSG00000112541	PDE10A	6q27	Q9Y233
ENSG00000144182	LIPT1	2q11.2	Q9Y234
ENSG00000117020	AKT3	1q44	Q9Y243
ENSG00000275199	AKT3	1q44	Q9Y243
ENSG00000170734	POLH	6p21.1	Q9Y253
ENSG00000137055	PLAA	9p21.2	Q9Y263
ENSG00000074582	BCS1L	2q35	Q9Y276
ENSG00000165410	CFL2	14q13.1	Q9Y281
ENSG00000119509	INVS	9q31.1	Q9Y283
ENSG00000136156	ITM2B	13q14.2	Q9Y287
ENSG00000118600	RXYLT1	12q14.2	Q9Y2B1
ENSG00000108474	PIGL	17p11.2	Q9Y2B2
ENSG00000115020	PIKFYVE	2q34	Q9Y2I7
ENSG00000198690	FAN1	15q13.3	Q9Y2M0
ENSG00000276787	FAN1	15q13.3	Q9Y2M0
ENSG00000125445	MRPS7	17q25.1	Q9Y2R9
ENSG00000134438	RAX	18q21.32	Q9Y2V3
ENSG00000133103	COG6	13q14.11	Q9Y2V7
ENSG00000162426	SLC45A1	1p36.23	Q9Y2W3
ENSG00000102931	ARL2BP	16q13	Q9Y2Y0
ENSG00000006042	TMEM98	17q11.2	Q9Y2Y6
ENSG00000135297	MTO1	6q13	Q9Y2Z2
ENSG00000139131	YARS2	12p11.21	Q9Y2Z4
ENSG00000119723	COQ6	14q24.3	Q9Y2Z9
ENSG00000165970	SLC6A5	11p15.1	Q9Y345
ENSG00000101052	IFT52	20q13.12	Q9Y366
ENSG00000122140	MRPS2	9q34.3	Q9Y399
ENSG00000167113	COQ4	9q34.11	Q9Y3A0
ENSG00000126524	SBDS	7q11.21	Q9Y3A5
ENSG00000144034	TPRKB	2p13.1	Q9Y3C4
ENSG00000217930	PAM16	16p13.3	Q9Y3D7
ENSG00000282228	PAM16	16p13.3	Q9Y3D7
ENSG00000141378	PTRH2	17q23.1	Q9Y3E5
ENSG00000100225	FBXO7	22q12.3	Q9Y3I1
ENSG00000138622	HCN4	15q24.1	Q9Y3Q4
ENSG00000101347	SAMHD1	20q11.23	Q9Y3Z3
ENSG00000122145	TBX22	Xq21.1	Q9Y458
ENSG00000277800	TBX22	Xq21.1	Q9Y458
ENSG00000147180	ZNF711	Xq21.1	Q9Y462
ENSG00000105204	DYRK1B	19q13.2	Q9Y463
ENSG00000281320	DYRK1B	19q13.2	Q9Y463
ENSG00000134769	DTNA	18q12.1	Q9Y4J8
ENSG00000100726	TELO2	16p13.3	Q9Y4R8
ENSG00000132763	MMACHC	1p34.1	Q9Y4U1
ENSG00000141385	AFG3L2	18p11.21	Q9Y4W6
ENSG00000122859	NEUROG3	10q22.1	Q9Y4Z2
ENSG00000181541	MAB21L2	4q31.3	Q9Y586
ENSG00000173588	CEP83	12q22	Q9Y592
ENSG00000113946	CLDN16	3q28	Q9Y5I7
ENSG00000064419	TNPO3	7q32.1	Q9Y5L0
ENSG00000091651	ORC6	16q11.2	Q9Y5N6
ENSG00000173540	GMPPB	3p21.31	Q9Y5P6
ENSG00000204103	MAFB	20q12	Q9Y5Q3
ENSG00000145244	CORIN	4p12	Q9Y5Q5
ENSG00000060762	MPC1	6q27	Q9Y5U8
ENSG00000134049	IER3IP1	18q21.1	Q9Y5U9
ENSG00000086300	SNX10	7p15.2	Q9Y5X0
ENSG00000278570	NR2E3	15q23	Q9Y5X4
ENSG00000162769	FLVCR1	1q32.3	Q9Y5Y0
ENSG00000121680	PEX16	11p11.2	Q9Y5Y5
ENSG00000149418	ST14	11q24.3	Q9Y5Y6
ENSG00000185313	SCN10A	3p22.2	Q9Y5Y9
ENSG00000120942	UBIAD1	1p36.22	Q9Y5Z9
ENSG00000177192	PUS1	12q24.33	Q9Y606
ENSG00000135069	PSAT1	9q21.2	Q9Y617
ENSG00000102743	SLC25A15	13q14.11	Q9Y619
ENSG00000205336	ADGRG1	16q21	Q9Y653
ENSG00000088035	ALG6	1p31.3	Q9Y672
ENSG00000130714	POMT1	9q34.13	Q9Y6A1
ENSG00000152700	SAR1B	5q31.1	Q9Y6B6
ENSG00000124198	ARFGEF2	20q13.13	Q9Y6D5
ENSG00000106153	CHCHD2	7p11.2	Q9Y6H1
ENSG00000121743	GJA3	13q12.11	Q9Y6H8
ENSG00000159197	KCNE2	21q22.11	Q9Y6J6
ENSG00000119772	DNMT3A	2p23.3	Q9Y6K1
ENSG00000269335	IKBKG	Xq28	Q9Y6K9
ENSG00000050555	LAMC3	9q34.12	Q9Y6N6
ENSG00000141655	TNFRSF11A	18q21.33	Q9Y6Q6
ENSG00000080493	SLC4A4	4q13.3	Q9Y6R1
ENSG00000152217	SETBP1	18q12.3	Q9Y6X0
ENSG00000133422	MORC2	22q12.2	Q9Y6X9
ENSG00000184374	COLEC10	8q24.12	Q9Y6Z7
